dist,ttc,heading_err,approach_speed,ammo,mines,threat_density,threat_angle,thrust,turn_rate
570.087712549569,19.150808657135663,-142.12501634890182,-29.768336301410027,0,0,0.1,-142.12501634890182,0.0,0.0
569.0954481895823,19.117997079478105,-142.13750400257018,-29.76752459076732,0,0,0.1,-142.13750400257018,0.0,0.0
568.1032109574835,19.08518735305051,-142.15003527818703,-29.766708623202476,0,0,0.1,-142.15003527818703,0.0,0.0
567.1110009956644,19.05237948772286,-142.16261040351776,-29.765888369014714,0,0,0.1,-142.16261040351776,0.0,0.0
566.1188184475111,19.019573493435416,-142.17522960790768,-29.76506379824481,0,0,0.1,-142.17522960790768,0.0,0.0
565.1266634574126,18.986769380199355,-142.18789312229575,-29.764234880672415,0,0,0.1,-142.18789312229575,0.0,0.0
564.1345361707695,18.953967158097395,-142.20060117922807,-29.763401585813316,0,0,0.1,-142.20060117922807,0.0,0.0
563.1424367340031,18.921166837284446,-142.2133540128722,-29.76256388291669,0,0,0.1,-142.2133540128722,0.0,0.0
562.1503652945644,18.888368427988265,-142.2261518590309,-29.761721740962308,0,0,0.1,-142.2261518590309,0.0,0.0
561.1583220009427,18.855571940510092,-142.2389949551566,-29.76087512865769,0,0,0.1,-142.2389949551566,0.0,0.0
560.1663070026751,18.822777385225326,-142.2518835403656,-29.760024014435285,0,0,0.1,-142.2518835403656,0.0,0.0
559.1743204503554,18.789984772584162,-142.2648178554526,-29.75916836644955,0,0,0.1,-142.2648178554526,0.0,0.0
558.1823624956438,18.757194113112323,-142.27779814290554,-29.758308152574017,0,0,0.1,-142.27779814290554,0.0,0.0
557.190433291276,18.724405417411692,-142.29082464692016,-29.757443340398332,0,0,0.1,-142.29082464692016,0.0,0.0
556.1985329910727,18.691618696161015,-142.30389761341522,-29.75657389722527,0,0,0.1,-142.30389761341522,0.0,0.0
555.2066617499496,18.658833960116624,-142.31701729004746,-29.755699790067663,0,0,0.1,-142.31701729004746,0.0,0.0
554.2148197239266,18.62605122011311,-142.33018392622702,-29.754820985645342,0,0,0.1,-142.33018392622702,0.0,0.0
553.223007070138,18.593270487064053,-142.34339777313284,-29.753937450382026,0,0,0.1,-142.34339777313284,0.0,0.0
552.2312239468423,18.560491771962745,-142.35665908372826,-29.753049150402155,0,0,0.1,-142.35665908372826,0.0,0.0
551.2394705134321,18.5277150858829,-142.36996811277675,-29.75215605152771,0,0,0.1,-142.36996811277675,0.0,0.0
550.2477469304445,18.494940439979416,-142.38332511685806,-29.751258119274965,0,0,0.1,-142.38332511685806,0.0,0.0
549.2560533595711,18.46216784548912,-142.3967303543841,-29.750355318851213,0,0,0.1,-142.3967303543841,0.0,0.0
548.2643899636685,18.42939731373149,-142.4101840856154,-29.749447615151485,0,0,0.1,-142.4101840856154,0.0,0.0
547.2727569067686,18.396628856109444,-142.42368657267747,-29.748534972755163,0,0,0.1,-142.42368657267747,0.0,0.0
546.2811543540895,18.363862484110104,-142.4372380795775,-29.74761735592259,0,0,0.1,-142.4372380795775,0.0,0.0
545.2895824720458,18.33109820930558,-142.45083887222108,-29.746694728591635,0,0,0.1,-142.45083887222108,0.0,0.0
544.2980414282598,18.29833604335374,-142.46448921842935,-29.74576705437421,0,0,0.1,-142.46448921842935,0.0,0.0
543.3065313915719,18.265575997999015,-142.47818938795606,-29.74483429655275,0,0,0.1,-142.47818938795606,0.0,0.0
542.3150525320523,18.232818085073234,-142.49193965250493,-29.743896418076613,0,0,0.1,-142.49193965250493,0.0,0.0
541.3236050210115,18.200062316496375,-142.50574028574718,-29.74295338155851,0,0,0.1,-142.50574028574718,0.0,0.0
540.3321890310124,18.167308704277453,-142.51959156333942,-29.74200514927081,0,0,0.1,-142.51959156333942,0.0,0.0
539.3408047358805,18.13455726051529,-142.53349376294136,-29.741051683141848,0,0,0.1,-142.53349376294136,0.0,0.0
538.3494523107167,18.10180799739942,-142.5474471642341,-29.740092944752163,0,0,0.1,-142.5474471642341,0.0,0.0
537.3581319319084,18.0690609272109,-142.5614520489383,-29.73912889533069,0,0,0.1,-142.5614520489383,0.0,0.0
536.3668437771407,18.036316062323163,-142.57550870083278,-29.73815949575094,0,0,0.1,-142.57550870083278,0.0,0.0
535.3755880254097,18.003573415202936,-142.58961740577334,-29.737184706527046,0,0,0.1,-142.58961740577334,0.0,0.0
534.3843648570331,17.970832998411073,-142.60377845171138,-29.736204487809875,0,0,0.1,-142.60377845171138,0.0,0.0
533.3931744536634,17.93809482460346,-142.6179921287133,-29.73521879938298,0,0,0.1,-142.6179921287133,0.0,0.0
532.4020169982997,17.905358906531937,-142.63225872897965,-29.73422760065857,0,0,0.1,-142.63225872897965,0.0,0.0
531.4108926753,17.872625257045154,-142.64657854686487,-29.733230850673426,0,0,0.1,-142.64657854686487,0.0,0.0
530.4198016703947,17.83989388908957,-142.6609518788968,-29.732228508084688,0,0,0.1,-142.6609518788968,0.0,0.0
529.4287441706979,17.8071648157103,-142.67537902379692,-29.731220531165718,0,0,0.1,-142.67537902379692,0.0,0.0
528.4377203647217,17.774438050052147,-142.6898602825002,-29.730206877801766,0,0,0.1,-142.6898602825002,0.0,0.0
527.4467304423882,17.74171360536047,-142.7043959581759,-29.729187505485708,0,0,0.1,-142.7043959581759,0.0,0.0
526.4557745950431,17.708991494982197,-142.71898635624788,-29.72816237131364,0,0,0.1,-142.71898635624788,0.0,0.0
525.464853015469,17.67627173236681,-142.7336317844157,-29.727131431980453,0,0,0.1,-142.7336317844157,0.0,0.0
524.4739658978984,17.643554331067282,-142.7483325526756,-29.726094643775347,0,0,0.1,-142.7483325526756,0.0,0.0
523.4831134380281,17.61083930474111,-142.76308897334178,-29.7250519625773,0,0,0.1,-142.76308897334178,0.0,0.0
522.4922958330322,17.578126667151327,-142.7779013610681,-29.72400334385042,0,0,0.1,-142.7779013610681,0.0,0.0
521.5015132815766,17.54541643216752,-142.79277003286984,-29.722948742639307,0,0,0.1,-142.79277003286984,0.0,0.0
520.5107659838324,17.51270861376684,-142.80769530814567,-29.721888113564333,0,0,0.1,-142.80769530814567,0.0,0.0
519.5200541414907,17.480003226035084,-142.82267750870002,-29.720821410816825,0,0,0.1,-142.82267750870002,0.0,0.0
518.5293779577769,17.44730028316772,-142.83771695876564,-29.719748588154236,0,0,0.1,-142.83771695876564,0.0,0.0
517.5387376374647,17.414599799470967,-142.85281398502633,-29.71866959889522,0,0,0.1,-142.85281398502633,0.0,0.0
516.5481333868917,17.381901789362892,-142.86796891664002,-29.717584395914653,0,0,0.1,-142.86796891664002,0.0,0.0
515.5575654139735,17.349206267374488,-142.88318208526215,-29.716492931638566,0,0,0.1,-142.88318208526215,0.0,0.0
514.5670339282192,17.31651324815078,-142.89845382506905,-29.715395158039072,0,0,0.1,-142.89845382506905,0.0,0.0
513.5765391407464,17.283822746451968,-142.913784472782,-29.714291026629144,0,0,0.1,-142.913784472782,0.0,0.0
512.5860812642966,17.251134777154522,-142.9291743676912,-29.713180488457393,0,0,0.1,-142.9291743676912,0.0,0.0
511.595660513251,17.21844935525239,-142.9446238516802,-29.71206349410272,0,0,0.1,-142.9446238516802,0.0,0.0
510.605277103646,17.185766495858093,-142.96013326925055,-29.710939993668944,0,0,0.1,-142.96013326925055,0.0,0.0
509.61493125318907,17.15308621420393,-142.97570296754674,-29.709809936779365,0,0,0.1,-142.97570296754674,0.0,0.0
508.6246231812751,17.12040852564318,-142.99133329638133,-29.70867327257117,0,0,0.1,-142.99133329638133,0.0,0.0
507.63435310900275,17.087733445651295,-143.00702460826065,-29.707529949689846,0,0,0.1,-143.00702460826065,0.0,0.0
506.64412125919034,17.055060989827094,-143.02277725841037,-29.70637991628353,0,0,0.1,-143.02277725841037,0.0,0.0
505.6539278563934,17.02239117389404,-143.03859160480178,-29.705223119997193,0,0,0.1,-143.03859160480178,0.0,0.0
504.66377312692083,16.989724013701444,-143.05446800817808,-29.704059507966836,0,0,0.1,-143.05446800817808,0.0,0.0
503.67365729885233,16.957059525225755,-143.0704068320811,-29.70288902681355,0,0,0.1,-143.0704068320811,0.0,0.0
502.68358060205554,16.924397724571833,-143.08640844287825,-29.701711622637543,0,0,0.1,-143.08640844287825,0.0,0.0
501.6935432682035,16.891738627974217,-143.10247320978993,-29.700527241012036,0,0,0.1,-143.10247320978993,0.0,0.0
500.7035455307924,16.859082251798473,-143.1186015049171,-29.699335826977112,0,0,0.1,-143.1186015049171,0.0,0.0
499.71358762515933,16.826428612542493,-143.13479370326922,-29.69813732503347,0,0,0.1,-143.13479370326922,0.0,0.0
498.7236697885005,16.79377772683783,-143.15105018279257,-29.696931679136092,0,0,0.1,-143.15105018279257,0.0,0.0
497.73379225988947,16.761129611451082,-143.16737132439866,-29.695718832687824,0,0,0.1,-143.16737132439866,0.0,0.0
496.7439552802956,16.728484283285237,-143.18375751199346,-29.694498728532874,0,0,0.1,-143.18375751199346,0.0,0.0
495.75415909260295,16.695841759381075,-143.20020913250647,-29.693271308950212,0,0,0.1,-143.20020913250647,0.0,0.0
494.7644039416289,16.663202056918568,-143.21672657592035,-29.692036515646915,0,0,0.1,-143.21672657592035,0.0,0.0
493.7746900741439,16.630565193218324,-143.23331023530088,-29.690794289751334,0,0,0.1,-143.23331023530088,0.0,0.0
492.7850177388903,16.597931185743008,-143.24996050682728,-29.68954457180627,0,0,0.1,-143.24996050682728,0.0,1.0
491.79538718660217,16.5653000520988,-149.2666777898229,-29.688287301762,0,0,0.1,-143.2666777898229,0.0,1.0
490.80579867002535,16.532671810036895,-155.28346248678616,-29.6870224189692,0,0,0.1,-143.28346248678616,0.0,1.0
489.81625244393734,16.50004647745497,-161.30031500342196,-29.68574986217181,0,0,0.1,-143.30031500342196,0.0,1.0
488.8267487651678,16.467424072398728,-167.31723574867354,-29.684469569499758,0,0,0.1,-143.31723574867354,0.0,1.0
487.837287892619,16.43480461306341,-173.33422513475446,-29.683181478461595,0,0,0.1,-143.33422513475446,0.0,1.0
486.84787008728665,16.402188117795344,-179.35128357718114,-29.68188552593707,0,0,0.1,-143.35128357718114,0.0,1.0
485.85849561228116,16.36957460509354,174.63158850519415,-29.68058164816952,0,0,0.1,-143.36841149480583,0.0,1.0
484.8691647328489,16.33696409361126,168.61439069015012,-29.679269780758226,0,0,0.1,-143.38560930984985,0.0,1.0
483.87987771639365,16.30435660215764,162.59712255206273,-29.67794985865062,0,0,0.1,-143.4028774479373,0.0,1.0
482.8906348324987,16.271752149699314,156.57978366187092,-29.67662181613441,0,0,0.1,-143.42021633812905,0.0,1.0
481.90143635294874,16.23915075536208,150.56237358704266,-29.675285586829567,0,0,0.1,-143.43762641295734,0.0,1.0
480.91228255175247,16.20655243843255,144.54489189153924,-29.673941103680217,0,0,0.1,-143.45510810846073,0.0,1.0
479.92317370516514,16.17395721835986,138.52733813578084,-29.672588298946444,0,0,0.1,-143.47266186421916,0.0,1.0
478.93411009171155,16.141365114757402,132.50971187661003,-29.671227104195875,0,0,0.1,-143.49028812339,0.0,1.0
477.94509199220903,16.108776147404505,126.49201266725595,-29.669857450295314,0,0,0.1,-143.50798733274408,0.0,1.0
476.9561196897915,16.07619033624827,120.4742400572976,-29.66847926740208,0,0,0.1,-143.52575994270236,0.0,1.0
475.96719346993257,16.04360770140529,114.45639359262714,-29.667092484955344,0,0,0.1,-143.54360640737286,0.0,1.0
474.97831362047015,16.01102826316348,108.43847281541173,-29.665697031667303,0,0,0.1,-143.5615271845883,0.0,1.0
473.98948043163074,15.978452041983916,102.42047726405588,-29.664292835514203,0,0,0.1,-143.5795227359441,0.0,1.0
473.00069419605376,15.945879058502653,96.40240647316341,-29.662879823727284,0,0,0.1,-143.59759352683656,0.0,1.0
472.011955208817,15.913309333532636,90.38425997349793,-29.66145792278355,0,0,0.1,-143.6157400265021,0.0,1.0
471.0232637674617,15.880742888065567,84.36603729194383,-29.660027058396448,0,0,0.1,-143.6339627080562,0.0,1.0
470.0346201720181,15.848179743273862,78.34773795146634,-29.65858715550635,0,0,0.1,-143.65226204853366,0.0,1.0
469.0460247250315,15.815619920512571,72.32936147107125,-29.657138138270973,0,0,0.1,-143.67063852892872,0.0,1.0
468.0574777315884,15.783063441321358,66.31090736576414,-29.65567993005562,0,0,0.1,-143.68909263423583,0.0,1.0
467.0689794993432,15.750510327426515,60.2923751465089,-29.65421245342327,0,0,0.1,-143.70762485349113,0.0,1.0
466.08053033854503,15.717960600742973,54.27376432018582,-29.65273563012455,0,0,0.1,-143.72623567981415,0.0,1.0
465.092130562065,15.685414283376355,48.25507438954969,-29.651249381087553,0,0,0.1,-143.74492561045034,0.0,1.0
464.1037804854238,15.652871397625065,42.2363048531862,-29.649753626407488,0,0,0.1,-143.76369514681377,0.0,1.0
463.1154804268196,15.620331965982373,36.21745520546938,-29.64824828533623,0,0,0.1,-143.78254479453065,0.0,1.0
462.1272307071565,15.587796011138579,30.198524936516833,-29.646733276271643,0,0,0.1,-143.80147506348314,0.0,1.0
461.1390316500729,15.555263555983148,24.179513532145904,-29.645208516746813,0,0,0.1,-143.8204864678541,0.0,1.0
460.15088358197085,15.522734623606915,18.160420473828196,-29.643673923419083,0,0,0.1,-143.8395795261718,0.0,1.0
459.162786832045,15.490209237304294,12.14124523864416,-29.64212941205896,0,0,0.1,-143.85875476135587,0.0,1.0
458.1747417323128,15.45768742057554,6.121987299236764,-29.64057489753881,0,0,0.1,-143.87801270076324,0.0,0.0
457.18674861764424,15.425169197129009,6.102646123764998,-29.63901029382145,0,0,0.1,-143.89735387623497,0.0,0.0
456.1988078257927,15.392654590883486,6.083221175856352,-29.637435513948503,0,0,0.1,-143.91677882414368,0.0,0.0
455.21091969742565,15.360143625970517,6.063711914558667,-29.635850470028632,0,0,0.1,-143.93628808544133,0.0,0.0
454.2230845761558,15.32763632673677,6.044117794292049,-29.63425507322558,0,0,0.1,-143.95588220570795,0.0,0.0
453.2353028085733,15.295132717746457,6.024438264799414,-29.632649233746026,0,0,0.1,-143.9755617352006,0.0,0.0
452.24757474427724,15.26263282378375,6.00467277109658,-29.631032860827272,0,0,0.1,-143.99532722890342,0.0,0.0
451.2599007359087,15.230136669855264,5.984820753422355,-29.62940586272474,0,0,0.1,-144.01517924657767,0.0,0.0
450.27228113918324,15.197644281192554,5.964881647186758,-29.62776814669928,0,0,0.1,-144.03511835281324,0.0,0.0
449.2847163129247,15.165155683254637,5.94485488292014,-29.626119619004292,0,0,0.1,-144.0551451170799,0.0,0.0
448.2972066190985,15.132670901730576,5.924739886219982,-29.62446018487266,0,0,0.1,-144.07526011378,0.0,0.0
447.3097524228465,15.100189962542085,5.904536077698651,-29.622789748503457,0,0,0.1,-144.09546392230135,0.0,0.0
446.32235409252104,15.067712891846158,5.884242872929008,-29.6211082130485,0,0,0.1,-144.11575712707096,0.0,0.0
445.33501199972056,15.035239716037756,5.863859682390569,-29.619415480598665,0,0,0.1,-144.13614031760943,0.0,0.0
444.3477265193249,15.0027704617525,5.843385911413918,-29.617711452170006,0,0,0.1,-144.15661408858608,0.0,0.0
443.3604980295316,14.97030515586945,5.822820960125227,-29.615996027689654,0,0,0.1,-144.1771790398748,0.0,0.0
442.37332691189215,14.937843825513864,5.802164223389639,-29.614269105981528,0,0,0.1,-144.19783577661036,0.0,1.0
441.38621355134933,14.905386498060043,-0.21858490924603302,-29.612530584751784,0,0,0.1,-144.21858490924603,0.0,1.0
440.39915833627435,14.87293320113418,-6.23942705361128,-29.610780360574093,0,0,0.1,-144.23942705361128,0.0,1.0
439.4121616585053,14.840483962617277,-12.260362830970678,-29.60901832887465,0,0,0.1,-144.26036283097068,0.0,0.0
438.42522391338514,14.808038810648085,-12.281392868083401,-29.607244383916974,0,0,0.1,-144.2813928680834,0.0,0.0
437.4383454998012,14.775597773626092,-12.302517797263476,-29.60545841878647,0,0,0.1,-144.3025177972635,0.0,0.0
436.4515268202243,14.743160880214534,-12.323738256440947,-29.603660325374765,0,0,0.1,-144.32373825644095,0.0,0.0
435.46476828074907,14.710728159343489,-12.345054889223718,-29.601849994363775,0,0,0.1,-144.34505488922372,0.0,0.0
434.4780702911345,14.678299640212975,-12.366468344960197,-29.600027315209545,0,0,0.1,-144.3664683449602,0.0,0.0
433.49143326484494,14.645875352296104,-12.387979278802959,-29.59819217612585,0,0,0.1,-144.38797927880293,0.0,0.0
432.504857619092,14.613455325342292,-12.409588351772868,-29.596344464067496,0,0,0.1,-144.4095883517729,0.0,0.0
431.51834377487654,14.581039589380492,-12.431296230824728,-29.594484064713424,0,0,0.1,-144.43129623082476,0.0,0.0
430.5318921570318,14.548628174722502,-12.453103588912825,-29.59261086244949,0,0,0.1,-144.45310358891282,0.0,0.0
429.5455031942665,14.516221111966278,-12.475011105058115,-29.59072474035103,0,0,0.1,-144.4750111050581,0.0,0.0
428.55917731920886,14.483818431999348,-12.497019464416098,-29.588825580165086,0,0,0.1,-144.49701946441607,0.0,0.0
427.57291496845147,14.451420166002222,-12.51912935834548,-29.586913262292434,0,0,0.1,-144.5191293583455,0.0,0.0
426.58671658259607,14.419026345451888,-12.541341484478039,-29.58498766576926,0,0,0.1,-144.54134148447804,0.0,-1.0
425.6005826062996,14.386637002125337,-6.56365654678882,-29.583048668248576,0,0,0.1,-144.5636565467888,0.0,-1.0
424.6145134883206,14.354252168103148,-0.5860752556678221,-29.58109614598136,0,0,0.1,-144.58607525566782,0.0,-1.0
423.6285096815661,14.321871875773125,5.391401672007191,-29.579129973797347,0,0,0.1,-144.6085983279928,0.0,0.0
422.6425716431394,14.289496157833977,5.368773512797759,-29.577150025085572,0,0,0.1,-144.63122648720224,0.0,0.0
421.65669983438863,14.257125047299068,5.34603953662986,-29.575156171774555,0,0,0.1,-144.65396046337014,0.0,0.0
420.6708947209555,14.2247585775002,5.323199006718653,-29.573148284312214,0,0,0.1,-144.67680099328135,0.0,0.0
419.6851567728251,14.19239678209147,5.300251179491966,-29.571126231645422,0,0,0.1,-144.69974882050806,0.0,0.0
418.69948646437615,14.160039695053158,5.277195304512702,-29.569089881199258,0,0,0.1,-144.72280469548727,0.0,0.0
417.7138842744323,14.12768735069572,5.254030624400457,-29.567039098855904,0,0,0.1,-144.74596937559954,0.0,0.0
416.7283506863138,14.095339783663777,5.23075637475165,-29.56497374893323,0,0,0.1,-144.76924362524832,0.0,0.0
415.74288618789,14.062997028940215,5.207371784058921,-29.562893694163023,0,0,0.1,-144.79262821594108,0.0,0.0
414.75749127163255,14.030659121850302,5.183876073629278,-29.56079879566885,0,0,0.1,-144.81612392637072,0.0,0.0
413.77216643466954,13.998326098065913,5.1602684575012745,-29.55868891294357,0,0,0.1,-144.83973154249875,0.0,0.0
412.78691217884005,13.965997993609772,5.136548142360539,-29.55656390382651,0,0,0.1,-144.86345185763946,0.0,0.0
411.8017290107497,13.933674844859775,5.112714327455137,-29.554423624480233,0,0,0.1,-144.88728567254483,0.0,0.0
410.816617441827,13.901356688553399,5.088766204508659,-29.552267929366927,0,0,0.1,-144.91123379549134,0.0,0.0
409.83157798838045,13.869043561792125,5.064702957632676,-29.550096671224455,0,0,0.1,-144.9352970423673,0.0,0.0
408.84661117165626,13.836735502045991,5.040523763238184,-29.547909701041945,0,0,0.1,-144.95947623676182,0.0,0.0
407.86171751789726,13.804432547158157,5.016227789945219,-29.545706868035044,0,0,0.1,-144.98377221005478,0.0,0.0
406.8768975584022,13.77213473534956,4.991814198491738,-29.543488019620728,0,0,0.1,-145.00818580150823,0.0,0.0
405.89215182958645,13.739842105223657,4.967282141641135,-29.541253001391702,0,0,0.1,-145.03271785835886,0.0,0.0
404.90748087304286,13.70755469577121,4.942630764087994,-29.539001657090385,0,0,0.1,-145.057369235912,0.0,0.0
403.9228852356042,13.675272546375155,4.917859202363275,-29.536733828582474,0,0,0.1,-145.0821407976367,0.0,0.0
402.938365469406,13.64299569681555,4.892966584737792,-29.534449355830038,0,0,0.1,-145.10703341526224,0.0,-1.0
401.9539221319505,13.610724187274593,10.867952031123878,-29.532148076864203,0,0,0.1,-145.13204796887615,0.0,-1.0
400.96955578617144,13.578458058341713,16.8428146529767,-29.52982982775736,0,0,0.1,-145.15718534702327,0.0,-1.0
399.98526700049985,13.546197351018739,22.81755355319342,-29.52749444259492,0,0,0.1,-145.18244644680658,0.0,-1.0
399.00105634893083,13.513942106725164,28.792167826010882,-29.52514175344657,0,0,0.1,-145.20783217398912,0.0,-1.0
398.0169244110911,13.481692367303468,34.766656556902376,-29.522771590337083,0,0,0.1,-145.23334344309765,0.0,-1.0
397.0328717723077,13.44944817502452,40.74101882247237,-29.52038378121665,0,0,0.1,-145.2589811775276,0.0,-1.0
396.0488990236777,13.417209572593096,46.71525369035055,-29.51797815193064,0,0,0.1,-145.28474630964948,0.0,-1.0
395.0650067621388,13.384976603153456,52.68936021908303,-29.51555452618892,0,0,0.1,-145.31063978091697,0.0,-1.0
394.0811955905411,13.352749310294994,58.663337458023534,-29.51311272553464,0,0,0.1,-145.33666254197644,0.0,-1.0
393.0974661177197,13.320527738058015,64.6371844472219,-29.510652569312462,0,0,0.1,-145.36281555277807,0.0,-1.0
392.11381895856886,13.288311930939576,70.61090021731138,-29.508173874636284,0,0,0.1,-145.38909978268862,0.0,0.0
391.1302547341165,13.256101933899412,70.58448378939443,-29.505676456356404,0,0,0.1,-145.4155162106056,0.0,0.0
390.14677407160036,13.223897792365975,70.55793417492646,-29.503160127026106,0,0,0.1,-145.4420658250735,0.0,0.0
389.16337760454525,13.191699552242547,70.5312503755988,-29.500624696867714,0,0,0.1,-145.46874962440117,0.0,0.0
388.1800659728413,13.159507259913493,70.50443138321862,-29.49806997373799,0,0,0.1,-145.4955686167814,0.0,1.0
387.1968398228231,13.127320962250526,64.47747617958805,-29.49549576309306,0,0,0.1,-145.52252382041195,0.0,1.0
386.21369980735074,13.095140706619171,58.45038373638164,-29.492901867952604,0,0,0.1,-145.54961626361836,0.0,1.0
385.2306465858914,13.06296654088527,52.423153015021455,-29.490288088863508,0,0,0.1,-145.57684698497854,0.0,1.0
384.24768082460236,13.030798513421592,46.39578296655054,-29.48765422386288,0,0,0.1,-145.60421703344946,0.0,1.0
383.26480319641536,12.998636673114587,40.36827253150477,-29.48500006844039,0,0,0.1,-145.63172746849526,0.0,1.0
382.2820143811222,12.9664810693712,34.34062063978257,-29.482325415500007,0,0,0.1,-145.65937936021743,0.0,1.0
381.2993150654615,12.934331752125823,28.312826210512867,-29.479630055321024,0,0,0.1,-145.6871737894871,0.0,1.0
380.3167059432067,12.902188771847365,22.284888151921052,-29.476913775518423,0,0,0.1,-145.71511184807895,0.0,1.0
379.334187715256,12.87005217954641,16.256805361192733,-29.47417636100254,0,0,0.1,-145.7431946388073,0.0,1.0
378.35176108972274,12.837922026782506,10.22857672433588,-29.471417593938046,0,0,0.1,-145.77142327566415,0.0,0.0
377.3694267820277,12.805798365671567,10.200201116040716,-29.468637253702184,0,0,0.1,-145.79979888395928,0.0,0.0
376.3871855149929,12.77368124889341,10.171677399537543,-29.465835116842257,0,0,0.1,-145.82832260046243,0.0,0.0
375.4050380189365,12.741570729699385,10.143004426452421,-29.46301095703242,0,0,0.1,-145.85699557354758,0.0,0.0
374.42298503176954,12.709466861920165,10.114181036660511,-29.460164545029638,0,0,0.1,-145.88581896333946,0.0,0.0
373.4410272990934,12.67736969997363,10.085206058137828,-29.457295648628925,0,0,0.1,-145.91479394186214,0.0,0.0
372.4591655742999,12.64527929887291,10.05607830681015,-29.45440403261774,0,0,0.1,-145.94392169318985,0.0,0.0
371.4774006186719,12.613195714234527,10.026796586399769,-29.45148945872963,0,0,0.1,-145.97320341360023,0.0,0.0
370.49573320148613,12.581119002286718,9.997359688270194,-29.448551685596936,0,0,0.1,-146.00264031172978,0.0,1.0
369.51416410011717,12.549049219877832,3.9677663912684693,-29.445590468702814,0,0,0.1,-146.03223360873153,0.0,1.0
368.5326941001433,12.51698642448494,-2.061984538435297,-29.44260556033223,0,0,0.1,-146.0619845384353,0.0,1.0
367.5513239954542,12.48493067422253,-8.091894347510333,-29.439596709522185,0,0,0.1,-146.09189434751033,0.0,0.0
366.5700545883595,12.452882027851365,-8.121964295630335,-29.43656366201101,0,0,0.1,-146.12196429563033,0.0,0.0
365.58888668970013,12.420840544787506,-8.152195655641094,-29.433506160186727,0,0,0.1,-146.1521956556411,0.0,0.0
364.6078211189605,12.388806285111455,-8.182589713730579,-29.4304239430345,0,0,0.1,-146.18258971373058,0.0,0.0
363.62685870438315,12.356779309577492,-8.21314776960179,-29.42731674608312,0,0,0.1,-146.2131477696018,0.0,0.0
362.64600028308456,12.324759679623119,-8.243871136648067,-29.42418430135053,0,0,0.1,-146.24387113664807,0.0,0.0
361.6652467011732,12.292747457378713,-8.27476114213124,-29.421026337288325,0,0,0.1,-146.27476114213124,0.0,0.0
360.6845988138695,12.260742705677316,-8.305819127362554,-29.417842578725278,0,0,0.1,-146.30581912736255,0.0,0.0
359.70405748562735,12.228745488064584,-8.33704644788611,-29.41463274680982,0,0,0.1,-146.33704644788614,0.0,0.0
358.7236235902579,12.196755868808943,-8.36844447366559,-29.41139655895142,0,0,0.1,-146.36844447366562,0.0,0.0
357.74329801105506,12.164773912911869,-8.40001458927344,-29.408133728760966,0,0,0.1,-146.40001458927344,0.0,0.0
356.76308164092325,14.201644794243316,-8.431758194083159,-25.12125086986673,0,0,0.3,-146.43175819408316,0.0,0.0
355.8246318910143,12.638784704020871,-8.42381954301203,-28.153389762056246,0,0,0.3,-146.42381954301203,0.0,0.0
354.8861890082308,12.605544100192883,-8.415838906661406,-28.153182931849848,0,0,0.3,-146.41583890666143,0.0,0.0
353.9477530471944,12.572303989456849,-8.407815951388102,-28.152974454325594,0,0,0.3,-146.4078159513881,0.0,0.0
353.0093240631072,12.539064375756302,-8.399750340007472,-28.15276431195571,0,0,0.3,-146.39975034000747,0.0,-1.0
352.07090211175955,12.505825263076941,-2.391641731746745,-28.15255248697884,0,0,0.3,-146.39164173174674,0.0,-1.0
351.1324872495375,12.472586655447186,3.6165102178029542,-28.15233896139631,0,0,0.3,-146.38348978219705,0.0,0.0
350.1940795334313,12.43934855693877,3.6247058567350905,-28.152123716968298,0,0,0.3,-146.37529414326488,0.0,0.0
349.2556790210432,12.406110971667303,3.63294553687723,-28.15190673520998,0,0,0.3,-146.36705446312277,0.0,0.0
348.3172857705957,12.37287390379288,3.6412296138410056,-28.15168799738755,0,0,0.3,-146.358770386159,0.0,0.0
347.37889984094005,12.339637357520681,3.6495584470731046,-28.15146748451419,0,0,0.3,-146.35044155292687,0.0,0.0
346.4405212915646,12.30640133710157,3.657932399907395,-28.15124517734597,0,0,0.3,-146.3420676000926,0.0,0.0
345.5021501826035,12.273165846832734,3.6663518396170502,-28.15102105637766,0,0,0.3,-146.33364816038298,0.0,0.0
344.5637865748456,12.239930891058314,3.67481713746821,-28.150795101838455,0,0,0.3,-146.3251828625318,0.0,0.0
343.6254305297432,12.206696474170034,3.6833286687746067,-28.15056729368764,0,0,0.3,-146.31667133122536,0.0,0.0
342.6870821094211,12.173462600607872,3.691886812952589,-28.150337611610137,0,0,0.3,-146.3081131870474,0.0,0.0
341.7487413766859,12.1402292748607,3.7004919535771705,-28.150106035012033,0,0,0.3,-146.29950804642286,0.0,0.0
340.8104083950357,12.106996501466996,3.709144478439157,-28.14987254301593,0,0,0.3,-146.29085552156081,0.0,0.0
339.8720832286688,12.073764285015494,3.717844779603581,-28.14963711445628,0,0,0.3,-146.28215522039642,0.0,0.0
338.9337659424943,12.040532630145911,3.7265932534680246,-28.149399727874577,0,0,0.3,-146.27340674653198,0.0,0.0
337.99545660214125,12.00730154154963,3.735390300823042,-28.14916036151454,0,0,0.3,-146.26460969917696,0.0,0.0
337.05715527396916,11.974071023970446,3.744236326912983,-28.14891899331706,0,0,0.3,-146.25576367308705,0.0,0.0
336.1188620250778,11.940841082205282,3.753131741497782,-28.148675600915215,0,0,0.3,-146.2468682585022,0.0,0.0
335.18057692331786,11.907611721104942,3.7620769589165093,-28.14843016162904,0,0,0.3,-146.23792304108352,0.0,0.0
334.2423000373011,11.874382945574876,3.771072398150636,-28.148182652460296,0,0,0.3,-146.2289276018494,0.0,0.0
333.3040314364115,11.841154760575932,3.7801184828898613,-28.1479330500871,0,0,0.3,-146.21988151711014,0.0,0.0
332.3657711908158,11.807927171125172,3.7892156415981617,-28.14768133085841,0,0,0.5,-146.21078435840184,0.0,0.0
331.4275193714746,11.774700182296638,3.7983643075809823,-28.14742747078849,0,0,0.5,-146.20163569241902,0.0,0.0
330.4892760501538,11.741473799222174,3.8075649190539025,-28.14717144555119,0,0,0.5,-146.19243508094613,0.0,0.0
329.55104129943595,11.708248027092264,3.816817919212099,-28.146913230474137,0,0,0.5,-146.18318208078787,0.0,0.0
328.6128151927317,11.675022871156859,3.8261237563017403,-28.146652800532802,0,0,0.5,-146.17387624369823,0.0,0.0
327.6745978042919,11.641798336726234,3.8354828836914407,-28.146390130344468,0,0,0.5,-146.16451711630856,0.0,0.0
326.73638920921957,11.608574429171853,3.844895759945871,-28.14612519416208,0,0,0.5,-146.15510424005416,0.0,0.0
325.7981894834822,11.575351153927272,3.8543628489001094,-28.145857965867908,0,0,0.5,-146.14563715109986,0.0,0.0
324.8599987039239,11.542128516489006,3.863884619736041,-28.145588418967186,0,0,0.5,-146.13611538026393,0.0,0.0
323.9218169482785,11.508906522417472,3.8734615470588665,-28.145316526581535,0,0,0.5,-146.12653845294113,0.0,0.0
322.9836442951822,11.475685177337905,3.8830941109759465,-28.145042261442292,0,0,0.5,-146.11690588902405,0.0,1.0
322.0454808241868,11.442464486941313,-2.1072172028233354,-28.144765595883694,0,0,0.5,-146.10721720282334,0.0,1.0
321.10732661577305,11.409244456985439,-8.097471902986399,-28.144486501835924,0,0,0.5,-146.0974719029864,0.0,0.0
320.16918175136396,11.376025093295743,-8.087669492414648,-28.14420495081801,0,0,0.5,-146.08766949241468,0.0,0.0
319.23104631333905,11.342806401766387,-8.07780946817951,-28.14392091393061,0,0,0.5,-146.0778094681795,0.0,0.0
318.2929203850483,11.309588388361282,-8.067891321436605,-28.143634361848584,0,0,0.7,-146.06789132143663,0.0,0.0
317.35480405082626,11.276371059115084,-8.057914537338888,-28.14334526481348,0,0,0.7,-146.05791453733886,0.0,0.0
316.4166973960067,11.243154420134283,-8.04787859494752,-28.143053592625794,0,0,0.7,-146.04787859494752,0.0,0.0
315.47860050693765,11.20993847759824,-8.03778296714222,-28.142759314637185,0,0,0.7,-146.0377829671422,0.0,0.0
314.54051347099636,11.176723237760315,-8.027627120528791,-28.14246239974236,0,0,0.7,-146.02762712052882,0.0,0.0
313.60243637660443,11.143508706948937,-8.017410515346228,-28.14216281637096,0,0,0.7,-146.01741051534626,0.0,0.0
312.66436931324387,11.110294891568769,-8.007132605371055,-28.141860532479154,0,0,0.7,-146.00713260537105,0.0,0.0
311.7263123714728,11.077081798101837,-7.9967928378205215,-28.141555515541107,0,0,0.7,-145.99679283782055,0.0,0.0
310.78826564294167,11.043869433108723,-7.986390653254375,-28.141247732540272,0,0,0.7,-145.98639065325435,0.0,0.0
309.8502292204097,11.01065780322972,-7.975925485473795,-28.1409371499605,0,0,0.7,-145.97592548547377,0.0,0.0
308.91220319776187,10.977446915186095,-7.9653967614195835,-28.140623733776902,0,0,0.7,-145.9653967614196,0.0,0.0
307.97418767002597,10.9442367757813,-7.954803901068317,-28.1403074494466,0,0,0.7,-145.95480390106832,0.0,0.0
307.03618273338986,10.911027391902229,-7.944146317325703,-28.139988261899244,0,0,0.7,-145.94414631732567,0.0,0.0
306.0981884852194,10.877818770520506,-7.933423415918924,-28.139666135527328,0,0,0.7,-145.93342341591895,0.0,0.0
305.1602050240765,10.844610918693807,-7.922634595287093,-28.139341034176258,0,0,0.7,-145.9226345952871,0.0,0.0
304.22223244973736,10.811403843567158,-7.911779246468711,-28.139012921134306,0,0,0.7,-145.9117792464687,0.0,0.0
303.2842708632114,10.778197552374333,-7.9008567529881475,-28.13868175912222,0,0,0.7,-145.90085675298812,0.0,0.0
302.3463203667604,10.744992052439203,-7.889866490739166,-28.13834751028273,0,0,0.7,-145.88986649073917,0.0,-1.0
301.4083810639176,10.711787351177156,-1.8788078278670355,-28.13801013616974,0,0,0.7,-145.87880782786704,0.0,-1.0
300.4704530595079,10.678583456096531,4.132319875352323,-28.137669597737304,0,0,0.7,-145.8676801246477,0.0,0.0
299.53253645966794,10.645380374800078,4.143517266634717,-28.137325855328417,0,0,0.7,-145.85648273336528,0.0,0.0
298.5946313718664,10.612178114986438,4.1547850018131385,-28.136978868663473,0,0,0.7,-145.84521499818686,0.0,0.0
297.65673790492536,10.578976684451687,4.166123744964693,-28.13662859682851,0,0,0.7,-145.83387625503534,0.0,0.0
296.71885616904126,10.54577609109084,4.17753416854049,-28.13627499826322,0,0,0.7,-145.8224658314595,0.0,0.0
295.780986275807,10.512576342899465,4.1890169534981965,-28.135918030748673,0,0,0.7,-145.8109830465018,0.0,0.0
294.8431283382337,10.47937744797526,4.2005727894363645,-28.13555765139473,0,0,0.7,-145.79942721056364,0.0,0.0
293.90528247077384,10.446179414519719,4.212202374731987,-28.13519381662723,0,0,0.7,-145.78779762526798,0.0,0.0
292.9674487893436,10.412982250839761,4.223906416680393,-28.134826482174894,0,0,0.7,-145.7760935833196,0.0,0.0
292.029627411347,10.37978596534947,4.235685631637807,-28.134455603055862,0,0,0.7,-145.7643143683622,0.0,0.0
291.09181845569924,10.3465905665718,4.247540745166702,-28.13408113356403,0,0,0.7,-145.75245925483333,0.0,0.0
290.15402204285147,10.313396063140356,4.259472492183988,-28.133703027254985,0,0,0.7,-145.740527507816,0.0,0.0
289.2162382948154,10.280202463801187,4.271481617112215,-28.13332123693169,0,0,0.7,-145.72851838288778,0.0,0.0
288.2784673351888,10.24700977741463,4.283568874033222,-28.132935714629795,0,0,0.7,-145.71643112596675,0.0,0.0
287.3407092891811,10.213818012957177,4.29573502684525,-28.132546411602668,0,0,0.6,-145.70426497315472,0.0,0.0
286.40296428364013,10.18062717952339,4.307980849423075,-28.132153278306003,0,0,0.6,-145.69201915057693,0.0,0.0
285.46523244707845,10.147437286327843,4.320307125780857,-28.13175626438216,0,0,0.6,-145.67969287421914,0.0,0.0
284.5275139097011,10.114248342707112,4.33271465023887,-28.13135531864411,0,0,0.6,-145.66728534976113,0.0,0.0
283.5898088034334,10.081060358121803,4.345204227592944,-28.13095038905896,0,0,0.6,-145.65479577240708,0.0,0.0
282.65211726194946,10.04787334215861,4.35777667328739,-28.13054142273121,0,0,0.6,-145.6422233267126,0.0,0.0
281.7144394207011,10.014687304532433,4.370432813591719,-28.13012836588549,0,0,0.6,-145.62956718640828,0.0,0.0
280.7767754169477,9.981502255088524,4.3831734857803895,-28.12971116384901,0,0,0.6,-145.61682651421964,0.0,0.0
279.83912538978615,9.948318203804673,4.395999538316346,-28.129289761033515,0,0,0.6,-145.60400046168365,0.0,0.0
278.90148948018174,9.915135160793454,4.408911831038381,-28.128864100916882,0,0,0.6,-145.59108816896162,0.0,-1.0
277.9638678309999,9.881953136304519,10.42191123535207,-28.1284341260242,0,0,0.6,-145.57808876464793,0.0,-1.0
277.02626058703777,9.848772140726899,16.434998634424574,-28.127999777908514,0,0,0.5,-145.56500136557545,0.0,0.0
276.0886678950573,9.815592184591411,16.448174923383476,-28.12756099713101,0,0,0.5,-145.55182507661652,0.0,0.0
275.15108990381873,9.782413278573078,16.461441009519717,-28.127117723240776,0,0,0.5,-145.5385589904803,0.0,0.0
274.21352676411414,9.749235433493583,16.474797812494444,-28.126669894754123,0,0,0.5,-145.52520218750558,0.0,0.0
273.2759786288028,9.716058660323837,16.488246264550185,-28.126217449133282,0,0,0.5,-145.51175373544984,0.0,0.0
272.3384456528464,9.682882970186515,16.501787310726513,-28.125760322764755,0,0,0.5,-145.49821268927346,0.0,0.0
271.40092799334536,9.64970837435873,16.515421909080146,-28.125298450937,0,0,0.5,-145.48457809091985,0.0,0.0
270.4634258095756,9.616534884274694,16.529151030909077,-28.124831767817657,0,0,0.5,-145.47084896909092,0.0,0.0
269.52593926302666,9.583362511528481,16.542975660982165,-28.124360206430207,0,0,0.5,-145.45702433901783,0.0,0.0
268.5884685174399,9.550191267876817,16.556896797772765,-28.12388369863005,0,0,0.5,-145.4431032022272,0.0,0.0
267.651013738848,9.517021165241957,16.57091545369792,-28.12340217508,0,0,0.5,-145.42908454630205,0.0,0.0
266.71357509561517,9.483852215714592,16.585032655361942,-28.122915565225178,0,0,0.5,-145.4149673446381,0.0,0.0
265.7761527584781,9.450684431556851,16.599249443805263,-28.12242379726731,0,0,0.5,-145.40075055619474,0.0,0.0
264.83874690058764,9.417517825205332,16.613566874759158,-28.121926798138375,0,0,0.5,-145.38643312524087,0.0,0.0
263.90135769755204,9.384352409274232,16.627986018904778,-28.121424493473565,0,0,0.5,-145.37201398109522,0.0,0.0
262.9639853274802,9.351188196558521,16.642507962138666,-28.120916807583633,0,0,0.5,-145.35749203786133,0.0,0.0
262.02662997102664,9.318025200037201,16.65713380584333,-28.120403663426508,0,0,0.5,-145.34286619415667,0.0,0.0
261.0892918114367,9.284863432876604,16.67186466716396,-28.11988498257824,0,0,0.5,-145.32813533283607,0.0,0.0
260.1519710345933,9.25170290843381,16.686701679290593,-28.11936068520315,0,0,0.5,-145.3132983207094,0.0,0.0
259.2146678290648,9.218543640260107,16.701645991747228,-28.11883069002328,0,0,0.5,-145.29835400825277,0.0,0.0
258.2773823861529,9.185385642104512,16.716698770686207,-28.118294914287084,0,0,0.5,-145.28330122931382,0.0,0.0
257.34011489994293,9.152228927917426,16.731861199189552,-28.11775327373725,0,0,0.5,-145.26813880081045,0.0,0.0
256.4028655673543,9.119073511854307,16.747134477576992,-28.117205682577765,0,0,0.5,-145.25286552242304,0.0,0.0
255.46563458819242,9.085919408279473,16.762519823720027,-28.116652053440113,0,0,0.5,-145.23748017627994,0.0,0.0
254.52842216520156,9.052766631769936,16.778018473363886,-28.116092297348647,0,0,0.5,-145.2219815266361,0.0,0.0
253.5912285041193,9.019615197119395,16.793631680455405,-28.115526323684964,0,0,0.5,-145.20636831954457,0.0,0.0
252.65405381373154,8.986465119342244,16.809360717479365,-28.114954040151478,0,0,0.5,-145.19063928252064,0.0,0.0
251.71689830592942,8.953316413677719,16.8252068758012,-28.114375352733976,0,0,0.5,-145.17479312419883,0.0,0.0
250.77976219576695,8.920169095594122,16.841171466018068,-28.113790165663215,0,0,0.5,-145.1588285339819,0.0,0.0
249.8426457015202,8.887023180793127,16.85725581831764,-28.113198381375536,0,0,0.5,-145.1427441816824,0.0,0.0
248.905549044748,8.853878685214228,16.873461282844346,-28.112599900472375,0,0,0.5,-145.12653871715568,0.0,0.0
247.9684724503534,8.82073562503922,16.889789230074825,-28.111994621678832,0,0,0.5,-145.11021076992517,0.0,0.0
247.03141614664733,8.78759401669685,16.906241051201107,-28.111382441801,0,0,0.5,-145.0937589487989,0.0,0.0
246.094380365413,8.754453876867538,16.922818158522773,-28.110763255682247,0,0,0.5,-145.07718184147723,0.0,0.0
245.1573653419722,8.721315222488206,16.939521985847875,-28.11013695615836,0,0,0.5,-145.06047801415212,0.0,0.0
244.22037131525298,8.688178070757244,16.95635398890346,-28.109503434011366,0,0,0.5,-145.04364601109654,0.0,0.0
243.28339852785882,8.65504243913955,16.973315645754724,-28.108862577922274,0,0,0.5,-145.02668435424525,0.0,1.0
242.34644722613962,8.621908345371748,10.990408457234707,-28.108214274422377,0,0,0.5,-145.00959154276526,0.0,0.0
241.409517660264,8.58877580746746,11.007633947383226,-28.1075584078434,0,0,0.5,-144.99236605261677,0.0,0.0
240.47261008429356,8.555644843722748,11.024993663896225,-28.10689486026616,0,0,0.5,-144.97500633610377,0.0,0.0
239.53572475625887,8.522515472721677,11.042489178585697,-28.10622351146789,0,0,0.5,-144.95751082141433,0.0,0.0
238.59886193823698,8.48938771334199,11.060122087850232,-28.10554423886814,0,0,0.5,-144.9398779121498,0.0,0.0
237.66202189643107,8.456261584760954,11.077894013156538,-28.104856917473114,0,0,0.5,-144.92210598684343,0.0,0.0
236.72520490125177,8.423137106461299,11.095806601532558,-28.10416141981856,0,0,0.5,-144.90419339846747,0.0,0.0
235.78841122740053,8.390014298237341,11.113861526071844,-28.10345761591102,0,0,0.5,-144.88613847392816,0.0,0.0
234.85164115395486,8.356893180201224,11.132060486450314,-28.102745373167487,0,0,0.5,-144.86793951354971,0.0,0.0
233.91489496445575,8.323773772789343,11.150405209454902,-28.10202455635331,0,0,0.4,-144.8495947905451,0.0,0.0
232.9781729469971,8.290656096768883,11.168897449525502,-28.101295027518468,0,0,0.4,-144.8311025504745,0.0,0.0
232.0414753943173,8.25754017324456,11.187538989308962,-28.100556645931928,0,0,0.4,-144.81246101069104,0.0,0.0
231.10480260389306,8.224426023665487,11.206331640227518,-28.099809268014255,0,0,0.4,-144.7936683597725,0.0,0.0
230.1681548780355,8.191313669832239,11.22527724305985,-28.099052747268242,0,0,0.4,-144.77472275694012,0.0,0.0
229.2315325239886,8.158203133904086,11.244377668537481,-28.09828693420759,0,0,0.4,-144.7556223314625,0.0,0.0
228.29493585403003,8.125094438406382,11.263634817954596,-28.09751167628357,0,0,0.4,-144.7363651820454,0.0,1.0
227.35836518557454,8.09198760623818,5.283050623793542,-28.096726817809525,0,0,0.4,-144.71694937620643,0.0,1.0
226.4218208412798,8.058882660679995,-0.6973729496345413,-28.095932199883244,0,0,0.4,-144.69737294963457,0.0,0.0
225.4853031491549,8.025779625401785,-0.6776339055335256,-28.095127660307107,0,0,0.4,-144.67763390553353,0.0,0.0
224.54881244267162,7.992678524471142,-0.6577302139490939,-28.094313033505813,0,0,0.4,-144.6577302139491,0.0,0.0
223.6123490608783,7.959579382361656,-0.6376598110797431,-28.093488150441832,0,0,0.4,-144.63765981107971,1.0,0.0
222.45370404157583,5.370004509012404,-0.6180373647532633,-41.42523598783481,0,0,0.4,-144.61803736475323,1.0,0.0
220.8506652153318,4.033278031023653,-0.59941327161971,-54.757114068647404,0,0,0.4,-144.5994132716197,1.0,0.0
218.80322847923634,3.2134835305456213,-0.5816959944167479,-68.08910840818452,0,0,0.4,-144.58169599441675,1.0,0.0
216.3113901655421,2.6566959467428166,-0.5648020835965326,-81.42120683051664,0,0,0.4,-144.5648020835965,1.0,0.0
213.37514698615337,2.251899667297006,-0.5486548275219434,-94.75339869039159,0,0,0.4,-144.54865482752194,0.0,0.0
210.26115112057306,2.283304314694017,-0.53250682184364,-92.0863459887737,0,0,0.4,-144.53250682184367,0.0,0.0
207.23605774598406,2.3175777042187584,-0.5156520505931326,-89.41924897221173,0,0,0.4,-144.51565205059313,0.0,0.0
204.29986836498233,2.354984535617002,-0.4980811203816984,-86.7521061285679,0,0,0.4,-144.4980811203817,0.0,0.0
201.45258452909988,2.39582310388656,-0.4797859784164302,-84.08491603670522,0,0,0.4,-144.4797859784164,0.0,0.0
198.69420783547812,2.440430803470514,-0.46076004763324363,-81.41767738422122,0,0,0.4,-144.46076004763322,0.0,0.0
196.02473992293653,2.489190751271418,-0.4409983637535788,-78.75038898598343,0,0,0.4,-144.44099836375358,0.0,0.0
193.44418246741205,2.5425398031161373,-0.4204977131387295,-76.0830498033214,0,0,0.4,-144.42049771313873,0.0,1.0
190.95591670433546,2.6110697876146274,-6.423434088268436,-73.13321061356442,0,0,0.4,-144.42343408826844,0.0,1.0
188.57349283041978,2.7037002047456142,-12.47116788101971,-69.74645062327178,0,0,0.4,-144.47116788101974,0.0,0.0
186.2921323081884,2.7748689839642724,-12.537646632554925,-67.13546959685466,0,0,0.4,-144.53764663255492,0.0,0.0
184.09777602142162,3.0563836046805264,-12.59973616638058,-60.23385799462327,0,0,0.6,-144.59973616638055,0.0,0.0
182.126967522647,3.1498641093822592,-12.656834530673677,-57.82057930059882,0,0,0.6,-144.6568345306737,0.0,0.0
180.24305391750005,3.2644164006496323,-12.708962793506203,-55.21447995471134,0,0,0.6,-144.7089627935062,0.0,0.0
178.44598665999763,3.391878718168989,-12.75588745403104,-52.60977808673734,0,0,0.6,-144.75588745403104,0.0,0.0
176.7357212748865,3.5342659196108106,-12.797380653785126,-50.0063451066943,0,0,0.6,-144.79738065378515,0.0,0.0
175.11221778704237,3.6940357642993713,-12.83322158267174,-47.404039635835794,0,0,0.6,-144.83322158267177,0.0,0.0
173.57544114303974,3.8742176446170498,-12.863197917572109,-44.80270781488244,0,0,0.6,-144.8631979175721,0.0,0.0
172.12536161992188,4.07858897964191,-12.887107281011652,-42.20218376479654,0,0,0.6,-144.88710728101165,0.0,0.0
170.76195521599544,4.311921212920163,-12.90475870605934,-39.602290205193775,0,0,0.6,-144.90475870605934,0.0,0.0
169.4852040183436,4.580329713373484,-12.915974092523243,-37.002839233054935,0,0,0.6,-144.91597409252324,0.0,0.0
168.29509654170707,4.891782657418355,-12.920589638568913,-34.403633261688086,0,0,0.6,-144.92058963856888,0.0,-1.0
167.18867775084243,5.233054797239069,-6.913239232194201,-31.948581512857515,0,0,0.6,-144.91323923219423,0.0,0.0
166.16785361377887,5.671099482523463,-6.8962948700948346,-29.300817967636736,0,0,0.6,-144.89629487009483,0.0,0.0
165.2352935112009,6.199563977874854,-6.875449260229402,-26.652728175867914,0,0,0.6,-144.8754492602294,0.0,0.0
164.39100944529557,6.848414222403905,-6.850669586022491,-24.004244501961747,0,0,0.6,-144.85066958602252,0.0,0.0
163.59088597218724,6.815389203265083,-6.8237840660892175,-24.003161241886954,0,0,0.6,-144.82378406608922,0.0,0.0
162.79079887374095,6.782367243122174,-6.796634265270768,-24.00206197015105,0,0,0.6,-144.79663426527074,0.0,0.0
161.99074868893007,6.749348387727732,-6.769216279928287,-24.000946370389787,0,0,0.6,-144.7692162799283,0.0,0.0
161.1907359674033,6.716332683751295,-6.741526129411795,-23.9998141184056,0,0,0.6,-144.74152612941177,0.0,0.0
160.3907612697498,6.68332017880248,-6.713559754157586,-23.99866488193428,0,0,0.6,-144.71355975415756,0.0,0.0
159.5908251677718,6.650310921454748,-6.685313013729797,-23.997498320403565,0,0,0.6,-144.68531301372977,0.0,0.0
158.79092824476615,6.617304961269958,-6.656781684803093,-23.996314084683178,0,0,0.6,-144.6567816848031,0.0,0.0
157.99107109581328,6.584302348823594,-6.627961459085327,-23.995111816826164,0,0,0.6,-144.62796145908536,0.0,-1.0
157.1912543280761,6.55130313573085,-0.598847941177155,-23.993891149801016,0,0,0.6,-144.59884794117716,0.0,-1.0
156.391478561107,6.518307374673457,5.4305633536329765,-23.99265170721435,0,0,0.6,-144.56943664636702,0.0,-1.0
155.59174442716483,6.485315119427382,11.46027700164069,-23.99139310302361,0,0,0.6,-144.5397229983593,0.0,0.0
154.79205257154152,6.452326424891395,11.490297673067289,-23.9901149412395,0,0,0.6,-144.50970232693274,0.0,0.0
153.99240365289864,6.419341347116517,11.520630134473095,-23.988816815617692,0,0,0.6,-144.47936986552688,0.0,0.0
153.19279834361467,6.386359943336416,11.551279251245774,-23.987498309339326,0,0,0.6,-144.44872074875423,0.0,0.0
152.39323733014274,6.353382271998755,11.582249990164996,-23.986158994679897,0,0,0.6,-144.41775000983498,0.0,0.0
151.59372131338006,6.320408392797563,11.6135474220481,-23.984798432666008,0,0,0.6,-144.3864525779519,0.0,0.0
150.79425100904868,6.287438366706626,11.645176724477892,-23.983416172719487,0,0,0.6,-144.3548232755221,0.0,0.0
149.99482714808843,6.254472256013973,11.677143184616966,-23.982011752288333,0,0,0.6,-144.32285681538303,0.0,0.0
149.19545047706242,6.221510124357477,11.709452202110867,-23.98058469646395,0,0,0.6,-144.29054779788913,0.0,0.0
148.39612175857545,6.188552036761612,11.742109292083683,-23.97913451758405,0,0,0.6,-144.25789070791635,0.0,0.0
147.596841771706,6.1555980596754365,11.775120088229528,-23.97766071482066,0,0,0.6,-144.22487991177044,0.0,0.0
146.79761131245223,6.122648261011818,11.80849034600385,-23.97616277375253,0,0,0.6,-144.19150965399612,0.0,0.0
145.99843119419228,6.089702710187959,11.842225945917107,-23.97464016592134,0,0,0.6,-144.1577740540829,0.0,0.0
145.1993022481599,6.056761478167285,11.876332896936276,-23.973092348370923,0,0,0.6,-144.12366710306372,0.0,0.0
144.4002253239357,6.02382463750274,11.910817339997095,-23.971518763168845,0,0,0.6,-144.0891826600029,0.0,0.0
143.60120128995445,5.990892262381538,11.945685551632096,-23.96991883690947,0,0,0.6,-144.05431444836788,-1.0,0.0
143.01961996162035,13.090604012636325,11.962463464932284,-10.925364469321957,0,0,0.6,-144.03753653506774,-1.0,0.0
142.87284627524573,67.4110590706317,11.942384213233026,2.1194274091666028,0,0,0.6,-144.05761578676695,0.0,0.0
142.90003778644623,292.7652868625126,11.907538328520559,-0.4881044447511786,0,0,0.6,-144.0924616714794,0.0,1.0
142.84696746663894,51.91186657530138,5.895361665936321,-2.7517208856173676,0,0,0.6,-144.1046383340637,0.0,1.0
142.7133753166264,26.903650274252417,-0.08346405357042386,-5.304610112822025,0,0,0.6,-144.0834640535704,0.0,0.0
142.49213794875573,17.87938822281288,-0.04795395276931913,-7.969631632414887,0,0,0.6,-144.04795395276932,0.0,0.0
142.18206659729347,13.369701125402653,-0.01234113680129667,-10.634648094499674,0,0,0.6,-144.01234113680133,0.0,0.0
141.78316153480077,10.660666031696653,0.023442021395112533,-13.299653240542971,0,0,0.6,-143.9765579786049,0.0,0.0
141.29542324478362,8.85052324290897,0.05946446999683985,-15.964640662120104,0,0,0.6,-143.94053553000316,0.0,0.0
140.7188524277349,7.553507546916713,0.09579693218415741,-18.629603737561013,0,0,0.6,-143.90420306781587,0.0,0.0
140.05345000935597,6.576966639453992,0.1325123855249899,-21.294535564343832,0,0,0.6,-143.867487614475,0.0,0.0
139.29921715112053,5.813962336683924,0.1696865738967972,-23.959428885907062,0,0,0.6,-143.8303134261032,0.0,0.0
138.50059941675548,5.781064295186059,0.20733200632861326,-23.95763000457997,0,0,0.6,-143.7926679936714,0.0,0.0
137.7020421662286,5.74817136924899,0.2454140797196942,-23.955799735354734,0,0,0.6,-143.7545859202803,0.0,0.0
136.90354645794517,5.715283649583037,0.2839404008944939,-23.95393734621257,0,0,0.6,-143.7160595991055,0.0,0.0
136.1051133750654,5.682401229055929,0.322918753586805,-23.95204208374385,0,0,0.6,-143.67708124641322,0.0,0.0
135.30674402623018,5.649524202757337,0.36235710358801043,-23.950113172396296,0,0,0.6,-143.637642896412,0.0,0.0
135.22009222708454,5.765089689455691,-4.761215566463591,-23.45498500646072,0,0,0.5,-148.7612155664636,0.0,0.0
134.4383890308712,5.7336688343974025,-4.840784046708336,-23.44718415272765,0,0,0.5,-148.84078404670834,0.0,0.0
133.65694814185386,5.702271645353059,-4.921283096462275,-23.439246050435823,0,0,0.5,-148.92128309646228,0.0,0.0
132.87577418790926,5.6708985643411305,-5.00272881309354,-23.431167509050187,0,0,0.5,-149.00272881309354,0.0,0.0
132.09487190478671,5.639550044456707,-5.085137659511304,-23.422945246248318,0,0,0.5,-149.0851376595113,0.0,0.0
131.3142461392193,5.608226550220623,-5.168526474357918,-23.414575884787237,0,0,0.5,-149.1685264743579,0.0,0.0
130.533901852142,5.576928557941918,-5.252912482534498,-23.406055949247015,0,0,0.5,-149.25291248253447,-1.0,0.0
129.97510414590596,12.840078084800082,-5.329199435658666,-10.122610103109015,0,0,0.5,-149.3291994356587,-1.0,0.0
129.85901309366136,41.14001583580577,-5.387669867662225,3.1565134445242475,0,0,0.5,-149.38766986766225,-1.0,0.0
130.18550243708506,7.922485732773145,-5.427679751783785,16.432406043792977,0,0,0.5,-149.4276797517838,0.0,0.0
130.68902500682117,9.484640515520452,-5.46006323285269,13.77901722189308,0,0,0.5,-149.46006323285266,0.0,0.0
131.10410845926395,11.783508661856597,-5.495916148450874,11.126067135135226,0,0,0.5,-149.49591614845087,0.0,0.0
131.43076824430656,15.510607047792849,-5.535278010392403,8.47360569701294,0,0,0.5,-149.5352780103924,0.0,0.0
131.66902151724628,22.616993625177994,-5.5782020146698414,5.821685397243422,0,0,0.5,-149.57820201466987,0.0,0.0
131.8188872327186,41.57849984985379,-5.624755223962097,3.1703617905584953,0,0,0.5,-149.62475522396207,0.0,0.0
131.88038625549208,253.7654483519548,-5.675018886538737,0.5196940210417585,0,0,0.5,-149.67501888653874,0.0,0.0
131.8535414894614,61.89567244687861,-5.729088894189488,-2.1302546087147447,0,0,0.5,-149.7290888941895,0.0,0.0
131.7383780264992,27.56369766865502,-5.787076384359295,-4.779416013414989,0,0,0.5,-149.7870763843593,0.0,0.0
131.5349233171894,17.708662001004388,-5.84910849432049,-7.427716634363967,0,0,0.5,-149.84910849432046,0.0,0.0
131.24320736587026,13.026521948626558,-5.915329278033255,-10.075076669233862,0,0,0.5,-149.91532927803323,0.0,0.0
130.86326295288316,10.286852723675382,-5.985900799420676,-12.72140920727862,0,0,0.5,-149.98590079942068,0.0,-1.0
130.39623868227704,8.510849643880212,-0.06780168132104336,-15.321177571975955,0,0,0.5,-150.06780168132104,0.0,-1.0
129.8409139575644,7.211260515063234,5.837294749328635,-18.00530069414998,0,0,0.5,-150.16270525067134,0.0,0.0
129.19670944518833,6.257356642775049,5.740028784754998,-20.647170494007742,0,0,0.5,-150.259971215245,0.0,0.0
128.46442298309424,5.515813266185554,5.645685704101993,-23.29020523059394,0,0,0.5,-150.35431429589804,0.0,0.0
127.68825281261184,5.484896711276081,5.552190009807134,-23.279973996612366,0,0,0.5,-150.44780999019287,0.0,0.0
126.91242680824958,5.4540118818612005,5.457550967341206,-23.269554514600777,0,0,0.5,-150.5424490326588,0.0,0.0
126.1369513205581,5.423159406767874,5.361748000884404,-23.25894222529113,0,0,0.5,-150.63825199911557,0.0,0.0
125.36183285431851,5.392339931552128,5.2647600514213195,-23.248132433341315,0,0,0.5,-150.73523994857868,0.0,0.0
124.58707807315751,5.361554119059078,5.166565562911103,-23.237120302540532,0,0,0.5,-150.8334344370889,0.0,0.0
123.81269380432569,5.330802650005644,5.067142467997883,-23.22590085082114,0,0,0.5,-150.93285753200215,0.0,0.0
123.03868704364527,5.300086223586948,4.966468173243015,-23.214468945068628,0,0,0.5,-151.03353182675696,0.0,0.0
122.26506496063445,5.2694055581076,4.864519543862571,-23.20281929572023,0,0,0.5,-151.1354804561374,0.0,0.0
121.49183490381544,5.238761391639035,4.761272887950099,-23.190946451142846,0,0,0.5,-151.23872711204987,0.0,0.0
120.71900440621371,5.208154482704167,4.656703940166722,-23.17884479178011,0,0,0.5,-151.34329605983328,0.0,0.0
119.94658119105627,5.177585610990704,4.550787844877391,-23.166508524058017,0,0,0.5,-151.44921215512258,0.0,0.0
119.17457317767732,5.147055578094521,4.443499138713378,-23.153931674038123,0,0,0.5,-151.55650086128665,0.0,0.0
118.4029884876399,5.116565208294596,4.334811732537787,-23.141108080806582,0,0,0.5,-151.6651882674622,0.0,0.0
117.63183545108235,5.086115349361071,4.224698892793413,-23.12803138958685,0,0,0.5,-151.7753011072066,0.0,0.0
116.86112261329922,5.055706873398096,4.113133222207523,-23.114695044563227,0,0,0.5,-151.88686677779248,0.0,1.0
116.0908587415663,5.025340677723227,-1.999913360169785,-23.101092281401755,0,0,0.5,-151.99991336016976,0.0,0.0
115.32105283222033,4.99501768578525,-2.1144696396193012,-23.08721611945426,0,0,0.5,-152.1144696396193,0.0,0.0
114.551714118004,4.964738848122376,-2.2305651271258853,-23.07305935363076,0,0,0.5,-152.23056512712589,0.0,0.0
113.78285207568752,4.93450514336292,-2.348230081496979,-23.058614545924502,0,0,0.5,-152.34823008149698,0.0,0.0
119.23008894569823,5.943051849413525,18.369400839250943,-20.06209805446408,0,0,0.4,-131.63059916074909,0.0,0.0
118.56219119095077,5.924665709624432,18.584930067192943,-20.011625465779485,0,0,0.4,-131.41506993280706,0.0,0.0
117.89599012716135,5.906525809198781,18.802898213264484,-19.960293738757727,0,0,0.4,-131.1971017867355,0.0,0.0
117.23151468010468,5.888638283476763,19.023340493667774,-19.908085543146825,0,0,0.4,-130.9766595063322,0.0,0.0
116.56879435931033,5.871009473331115,19.24629263557904,-19.854983182844553,0,0,0.4,-130.75370736442096,0.0,0.0
115.90785927036383,5.853645933846422,19.471790880280366,-19.800968589536975,0,0,0.4,-130.52820911971963,0.0,0.0
115.24874012741945,5.8365544434419965,19.699871985977154,-19.74602331636158,0,0,0.4,-130.30012801402285,0.0,0.0
114.59146826592357,5.819742013464976,19.930573230273694,-19.690128531607836,0,0,0.4,-130.06942676972633,0.0,-1.0
113.93607565554721,5.803215898282186,26.163932412279905,-19.63326501246895,0,0,0.4,-129.83606758772007,0.0,0.0
113.28259491332594,5.786983605901288,26.399987854320216,-19.575413138859734,0,0,0.4,-129.60001214567976,0.0,0.0
112.63105931700426,5.771052909153856,26.638778403212314,-19.51655288731672,0,0,0.4,-129.3612215967877,0.0,0.0
111.98150281858192,5.755431857475412,26.880343431085066,-19.45666382499783,0,0,0.4,-129.11965656891496,0.0,0.0
111.33396005805827,5.7401287893199004,27.1247228356998,-19.395725103800203,0,0,0.4,-128.87527716430023,0.0,0.0
110.68846637737045,5.725152345248847,27.371957040239977,-19.33371545461631,0,0,0.4,-128.62804295976005,0.0,0.0
110.04505783452036,5.710511481738357,27.622086992530342,-19.27061318174973,0,0,0.4,-128.37791300746966,0.0,0.0
109.40377121788491,5.696215485750312,27.875154163646926,-19.206396157513716,0,0,0.4,-128.12484583635307,0.0,0.0
108.76464406070284,5.6822739901175785,28.131200545874776,-19.141041817037102,0,0,0.4,-127.86879945412521,0.0,0.0
108.12771465573093,5.668696989796765,28.390268649970835,-19.07452715330398,0,0,0.4,-127.60973135002918,0.0,1.0
107.4930220700612,5.655494859046156,22.652401501684892,-19.006828712455192,0,0,0.4,-127.34759849831512,0.0,1.0
106.86060616009003,5.642678369590838,16.917642637491554,-18.937922589381735,0,0,0.4,-127.08235736250847,0.0,1.0
106.23050758662872,5.63025870984187,11.18603609948184,-18.867784423641925,0,0,0.4,-126.81396390051815,0.0,0.0
105.6027678301445,5.61824750524153,11.457626429362563,-18.796389395736423,0,0,0.4,-126.54237357063745,0.0,0.0
104.97742920611903,5.60665683981237,11.732458661507962,-18.72371222377722,0,0,0.4,-126.26754133849207,0.0,0.0
104.35453488051093,5.595499278994029,12.010578315006569,-18.649727160588967,0,0,0.4,-125.98942168499342,0.0,0.0
103.73412888530716,5.584787893858458,12.292031384643394,-18.57440799128337,0,0,0.4,-125.70796861535659,0.0,0.0
103.11625613414681,5.574536286801642,12.576864330754859,-18.497728031349702,0,0,0.4,-125.42313566924513,0.0,0.0
102.50096243799925,5.564758618817902,12.865124067891998,-18.41966012530712,0,0,0.4,-125.134875932108,0.0,0.0
101.88829452087715,5.5554696384717035,13.15685795222447,-18.34017664596694,0,0,0.4,-124.84314204777554,0.0,0.0
101.27830003556332,5.546684712691521,13.452113767615458,-18.259249494355732,0,0,0.4,-124.54788623238456,0.0,0.0
100.67102757932825,5.538419859520862,13.750939710294915,-18.176850100352897,0,0,0.4,-124.2490602897051,0.0,0.0
100.06652670961388,5.530691782973126,14.053384372056144,-18.092949424099213,0,0,0.4,-123.94661562794386,0.0,0.0
99.46484795965644,5.523517910149671,14.359496721898267,-18.00751795823565,0,0,0.4,-123.64050327810175,0.0,0.0
98.86604285402032,5.5169164307944145,14.669326086034175,-17.920525731034864,0,0,0.4,-123.33067391396585,0.0,0.0
98.27016392401157,5.51090633947364,14.982922126181677,-17.831942310490728,0,0,0.4,-123.01707787381834,0.0,0.0
97.67726472293813,5.5055074805865205,15.300334816052668,-17.741736809434368,0,0,0.4,-122.69966518394733,0.0,0.0
97.08739984118161,5.500740596430555,15.621614415953104,-17.649877891748226,0,0,0.4,-122.37838558404688,0.0,0.0
96.50062492104244,5.49662737856653,15.946811445404023,-17.556333779752944,0,0,0.4,-122.05318855459596,0.0,0.0
95.91699667131823,5.493190522750329,16.275976653692,-17.461072262844898,0,0,0.4,-121.72402334630802,0.0,0.0
95.33657288157224,5.490453787723976,16.609160988255553,-17.364060707465356,0,0,0.4,-121.39083901174448,0.0,-1.0
94.75941243604619,5.488442058185928,22.946415560812,-17.265266068485495,0,0,0.4,-121.05358443918801,0.0,-1.0
94.18557532716878,5.487181412291408,29.28779161112749,-17.164654902094362,0,0,0.4,-120.71220838887253,0.0,0.0
93.61512266860825,5.486699194067583,29.633340468332165,-17.06219338028013,0,0,0.4,-120.36665953166785,0.0,0.0
92.90369948335902,3.848308036872602,-2.646422278369755,-24.141440496239202,0,0,0.4,-152.64642227836978,0.0,0.0
92.48462083799268,5.488186218418556,30.337162116658988,-16.85158213611828,0,0,0.3,-119.66283788334103,0.0,0.0
91.92469960944764,5.490217207703695,30.69553762833374,-16.743362991260508,0,0,0.3,-119.30446237166626,0.0,0.0
91.36841874023433,5.493150304694556,31.058291291848548,-16.633154687602314,0,0,0.3,-118.94170870815144,0.0,0.0
90.81584512604688,5.497020473102998,31.425474209961976,-16.520921755778453,0,0,0.3,-118.57452579003804,0.0,0.0
90.26704684927479,5.501864507111376,31.797137285530823,-16.40662846796774,0,0,0.3,-118.20286271446919,0.0,0.0
89.7220931871516,5.507721152750464,32.17333116283993,-16.290238866277004,0,0,0.3,-117.82666883716008,0.0,0.0
89.18105461891763,5.514631239065415,32.55410616568247,-16.171716793529693,0,0,0.3,-117.4458938343175,0.0,0.0
88.64400283191488,5.522637820003182,32.93951223209797,-16.051025926567785,0,0,0.3,-117.06048776790206,-1.0,0.0
88.29676706705195,18.384756079544733,33.25036746837873,-4.8027162658574944,0,0,0.3,-116.7496325316213,-1.0,0.0
88.32283573918562,13.893802611186613,33.40426905535418,6.356995144588593,0,0,0.3,-116.59573094464582,-1.0,0.0
88.72024852770105,5.07318320575425,33.399417122719626,17.488082911547576,0,0,0.3,-116.60058287728037,-1.0,0.0
89.48906280822668,3.1234184869034873,33.23798715829275,28.65099991674342,0,0,0.3,-116.76201284170723,-1.0,0.0
90.63130705784471,2.2712925803233457,32.925954423789676,39.902964436639095,0,0,0.3,-117.07404557621034,0.0,0.0
91.92595536690636,2.433798543235566,32.56196356904525,37.77056881819692,0,0,0.3,-117.43803643095472,0.0,0.0
93.14901211700844,2.6159428916110268,32.23723850603483,35.608197876079274,0,0,0.3,-117.76276149396516,0.0,0.0
94.29954801706873,2.8216532525306324,31.94949694754962,33.41996325469655,0,0,0.3,-118.05050305245041,0.0,0.0
95.37676312139246,3.0560143809040183,31.696733506210137,31.209526930687566,0,0,0.3,-118.30326649378988,0.0,0.0
96.37997306237123,3.325721160421986,31.477191064308442,28.980172544033127,0,0,0.3,-118.52280893569157,0.0,0.0
97.30859747655916,3.639763797079331,31.289336187874937,26.734866024724695,0,0,0.3,-118.71066381212506,0.0,0.0
98.16215030061431,4.010496701876529,31.131838050480326,24.47630744956948,0,0,0.3,-118.86816194951966,0.0,0.0
98.9402316721481,4.455367219705387,31.00355041226129,22.206975720104744,0,0,0.3,-118.9964495877387,0.0,1.0
99.67928681520132,4.527006000784108,24.9417336190005,22.018810400944066,0,0,0.3,-119.05826638099947,0.0,1.0
100.40079080101258,4.742995613847849,18.979144208673006,21.16822341304264,0,0,0.3,-119.020855791327,0.0,1.0
101.08411032497538,5.120139362186355,13.107147220076115,19.742452924525747,0,0,0.3,-118.89285277992387,0.0,1.0
101.71154743819369,5.704502567914386,7.316257395888897,17.83004674417743,0,0,0.3,-118.6837426041111,0.0,0.0
102.26275922520809,6.708722704003711,7.564455908925538,15.243253259547977,0,0,0.3,-118.43554409107448,0.0,0.0
102.72780573593226,8.114240291021929,7.816725524140907,12.660187775015283,0,0,0.3,-118.18327447585912,0.0,0.0
103.10681713088526,10.227625175197272,8.073648002646337,10.08120803849233,0,0,0.3,-117.92635199735365,0.0,0.0
103.3999359287889,13.774355874184083,8.335818122369744,7.5066984527807366,0,0,0.3,-117.66418187763027,0.0,0.0
103.60731796293143,20.985570307616584,8.603848262808754,4.937074210717437,0,0,0.3,-117.39615173719123,0.0,0.0
103.72913348214774,43.71618004317815,8.87837309239302,2.372785851364306,0,0,0.3,-117.12162690760698,0.0,0.0
103.76556841194123,558.8538742296043,9.160054433269067,-0.18567567157870196,0,0,0.3,-116.83994556673095,0.0,0.0
103.7168257945032,37.88364272839826,9.449586379925108,-2.7377733059644553,0,0,0.3,-116.55041362007489,0.0,0.0
103.58312743006994,19.607182537385746,9.747700751692093,-5.282917483558085,0,0,0.3,-116.25229924830792,0.0,0.0
103.36471574631096,13.217218833229687,10.055172964844985,-7.8204588310545,0,0,0.3,-115.94482703515501,0.0,0.0
103.06185592740643,9.957975264415289,10.372828417902383,-10.349679848643207,0,0,0.3,-115.6271715820976,0.0,0.0
102.67483834030828,7.977975966238903,10.70154949398443,-12.869785365963292,0,0,0.3,-115.2984505060156,0.0,0.0
102.20398130259329,6.645299218971432,11.042283297025904,-15.379891549625746,0,0,0.3,-114.95771670297408,0.0,0.0
101.69320283696993,6.661185400695894,11.391102448995298,-15.266532414237568,0,0,0.3,-114.60889755100467,0.0,0.0
101.18623152605835,6.678316169381319,11.743430132324647,-15.151458685046393,0,0,0.3,-114.25656986767534,0.0,0.0
100.6831248805517,6.696739336301268,12.099292499150067,-15.034648927542227,0,0,0.3,-113.90070750084993,0.0,0.0
100.18394112353617,6.716505193412024,12.458715138075263,-14.916081836995073,0,0,0.3,-113.54128486192471,0.0,0.0
99.6887391857238,6.737666676354372,12.821723031384352,-14.795736265134378,0,0,0.3,-113.17827696861563,0.0,1.0
99.1975786997751,6.7602795404792255,7.188340510863441,-14.673591248083675,0,0,0.3,-112.81165948913655,0.0,1.0
98.71051999366932,6.7844025511275765,1.5585912122339778,-14.549626035569412,0,0,0.3,-112.44140878776601,0.0,1.0
98.22762408307969,6.810097689529801,-4.0675019717970144,-14.423820121420572,0,0,0.3,-112.06750197179701,0.0,0.0
97.74895266271017,6.83743037584096,-3.689916939859188,-14.296153275372502,0,0,0.3,-111.68991693985919,0.0,0.0
97.27456809655027,6.866469710999285,-3.3086324315981983,-14.166605576185349,0,0,0.3,-111.30863243159818,0.0,0.0
96.80453340700396,6.8972887392876885,-2.9236280786926727,-14.03515744608386,0,0,0.3,-110.92362807869264,0.0,0.0
96.33891226284842,6.929964733695717,-2.5348844571830114,-13.901789686521441,0,0,0.3,-110.534884457183,0.0,0.0
95.87776896597862,6.9645795064258404,-2.1423831410814955,-13.76648351526713,0,0,0.3,-110.1423831410815,0.0,0.0
197.09029779581454,69.62024251546529,-90.19467630187324,-2.830933801358611,0,0,0.2,161.80532369812676,0.0,0.0
196.99763485722426,72.19154905697148,-90.43281290347107,-2.7288185034201082,0,0,0.2,161.56718709652893,0.0,0.0
196.9083781350075,74.9681156255956,-90.67116951591868,-2.626561658804441,0,0,0.2,161.32883048408132,0.0,0.0
196.82253226320245,77.97520092198339,-90.90973818285897,-2.524168324492418,0,0,0.2,161.09026181714103,0.0,0.0
196.740101706696,81.24238526478888,-91.1485109043623,-2.421643592386803,0,0,0.2,160.8514890956377,0.0,0.0
196.66109076007956,84.80453614580006,-91.38747963845938,-2.3189925881083804,0,0,0.2,160.61252036154062,0.0,0.0
196.5855035465455,88.7030447682656,-91.62663630269597,-2.2162204697721486,0,0,0.2,160.37336369730403,0.0,0.0
196.5133440168247,92.98742664899528,-91.8659727757078,-2.113332426744256,0,0,0.2,160.1340272242922,0.0,0.0
196.44461594816585,97.71741779028157,-92.10548089881584,-2.0103336783803463,0,0,0.2,159.89451910118416,0.0,0.0
196.379322943357,102.96575516978167,-92.34515247764031,-1.9072294727460057,0,0,0.2,159.6548475223597,0.0,0.0
196.3174684297902,108.82191718246835,-92.5849792837333,-1.8040250853200162,0,0,0.2,159.4150207162667,0.0,1.0
196.25905565856948,115.39723429738983,-98.82495305622894,-1.700725817681132,0,0,0.2,159.17504694377106,0.0,1.0
196.2040877036631,122.83199360747912,-105.06506550351028,-1.5973369961791162,0,0,0.2,158.93493449648972,0.0,1.0
196.15256746110006,131.30550794629906,-111.30530830489218,-1.4938639705907992,0,0,0.2,158.69469169510782,0.0,1.0
196.1044976482119,141.05070066507471,-117.54567311231946,-1.3903121127619393,0,0,0.2,158.45432688768054,0.0,0.0
196.0598808029198,152.37575957208566,-117.78615155207908,-1.2866868152356485,0,0,0.2,158.21384844792092,0.0,0.0
196.01871928306778,165.69720878591093,-118.02673522652597,-1.1829934898682195,0,0,0.2,157.97326477347403,0.0,0.0
195.98101526580214,181.59209923864606,-118.26741571582127,-1.0792375664331428,0,0,0.2,157.73258428417873,0.0,-1.0
195.9467707469977,200.88358710687524,-112.50818457968234,-0.9754244912141525,0,0,0.2,157.49181542031766,0.0,-1.0
195.91598754073084,224.7877934108536,-106.74903335914337,-0.8715597255881568,0,0,0.2,157.25096664085663,0.0,-1.0
195.88866727880043,255.1800789841191,-100.98995357832604,-0.7676487445988736,0,0,0.2,157.01004642167396,0.0,-1.0
195.86481141029594,295.1117768007297,-95.23093674621893,-0.6636970355220729,0,0,0.2,156.76906325378107,0.0,-1.0
195.84442120121383,349.9033204023428,-89.47197435846505,-0.5597100964232592,0,0,0.2,156.52802564153495,0.0,-1.0
195.82749773412198,429.7351746120708,-83.71305789915624,-0.4556934347087105,0,0,0.2,156.28694210084376,0.0,-1.0
195.81404190787262,556.8395087190154,-77.95417884263412,-0.35165256567073366,0,0,0.2,156.04582115736588,0.0,-1.0
195.80405443736365,790.8302969633763,-72.19532865529567,-0.24759301102804285,0,0,0.2,155.80467134470433,0.0,-1.0
195.79753585334902,1364.249791253184,-66.43649879740332,-0.14352029746216174,0,0,0.2,155.56350120259668,-1.0,-1.0
195.89655418214747,30.245018249526005,-60.61995383633595,6.476985815183547,0,0,0.2,155.38004616366405,-1.0,-1.0
196.25471929705347,12.760743752967535,-54.696885629562445,15.3795674528308,0,0,0.2,155.30311437043756,-1.0,-1.0
196.94510494421056,7.468029801468973,-48.68381073766568,26.371762055029713,0,0,0.2,155.31618926233432,-1.0,-1.0
198.03310048624104,5.053758226758091,-42.601184349806545,39.18531350346696,0,0,0.2,155.39881565019346,-1.0,-1.0
199.57395403919674,3.7316504855512846,-36.472820087970746,53.48141655064816,0,0,0.2,155.52717991202925,-1.0,-1.0
201.61059793748436,2.927731515692728,-30.324989676357234,68.86239289936442,0,0,0.2,155.67501032364277,0.0,-1.0
203.93277012267689,2.901327156574309,-24.218320106224496,70.28947757944917,0,0,0.2,155.7816798937755,0.0,-1.0
206.28510303306868,2.9183516854399802,-18.192483643456825,70.68548457070844,0,0,0.2,155.80751635654318,0.0,-1.0
208.63462164489448,2.9747386702955425,-12.242766374401896,70.13544541852696,0,0,0.2,155.7572336255981,0.0,-1.0
210.95130653307714,3.0692225253230707,-6.363691335916343,68.73118673950567,0,0,0.2,155.63630866408366,0.0,-1.0
213.20827564213974,3.202828948274544,-0.5492412271388218,66.5687362907723,0,0,0.2,155.45075877286118,0.0,-1.0
215.38188831070187,3.3787385478129357,5.206953175227511,63.74624294327805,0,0,0.2,155.2069531752275,1.0,-1.0
217.1884241658711,4.864756902362956,10.922351661669637,44.64527797069907,0,0,0.2,154.92235166166964,1.0,-1.0
218.36119278317588,8.460460756689123,16.631751549171355,25.809610027507336,0,0,0.2,154.63175154917136,1.0,0.0
218.92565388328086,27.209591632906616,16.372780387929765,8.045900020730834,0,0,0.2,154.37278038792977,1.0,0.0
218.92473831108768,31.93565121899623,16.158238517938486,-6.855183155960353,0,0,0.2,154.15823851793849,1.0,0.0
218.4838828660109,11.146046503197955,15.976890010866299,-19.601917397646318,0,0,0.2,153.9768900108663,1.0,0.0
217.61759526260596,6.720733002367046,15.82666101974118,-32.380038782371045,0,0,0.2,153.82666101974118,1.0,0.0
216.32493407822557,4.787715620553424,15.707037111625823,-45.183329843057805,0,0,0.2,153.70703711162582,1.0,0.0
214.60515892671435,3.6997114423259365,15.617857235940704,-58.00591810257404,0,0,0.2,153.6178572359407,0.0,0.0
212.71462793194755,3.8378544175513145,15.540055460649398,-55.42540304790064,0,0,0.2,153.5400554606494,0.0,0.0
210.9101697716346,3.9913741116918757,15.454421237812795,-52.84149364847019,0,0,0.2,153.4544212378128,0.0,0.0
209.19190302835733,4.16270287459866,15.360857467755153,-50.25386373475581,0,0,0.2,153.36085746775515,0.0,0.0
207.55995713590536,4.354813796110506,15.2592836157269,-47.66218875334858,0,0,0.2,153.2592836157269,0.0,0.0
206.01447228983932,4.57137966753428,15.149636788879633,-45.06614791874415,0,0,0.2,153.14963678887963,0.0,0.0
204.55559928464686,4.816991522820386,15.031872759329502,-42.465426462880295,0,0,0.2,153.0318727593295,0.0,0.0
203.1834992745607,5.09746454972366,14.905966920683511,-39.85971796225155,0,0,0.2,152.9059669206835,0.0,0.0
201.89834345582912,5.420275033173488,14.771915165268297,-37.24872671961458,0,0,0.2,152.7719151652683,0.0,0.0
200.70031266903865,5.79519884710382,14.629734669350228,-34.63217017468514,0,0,0.2,152.62973466935023,0.0,0.0
199.58959692098148,6.235268993288862,14.479464573894148,-32.009781315898884,0,0,0.2,152.47946457389415,0.0,0.0
198.56639482652628,6.758255082573708,14.321166548882985,-29.38131106334438,0,0,0.2,152.32116654888299,0.0,0.0
197.63091297197295,7.389029851784057,14.154925229925766,-26.74653059146264,0,0,0.2,152.15492522992577,0.0,0.0
196.78336520243687,8.163512073834253,13.98084851682188,-24.105233559115852,0,0,0.2,151.98084851682188,0.0,0.0
196.0239718368966,9.135563947223046,13.799067724922423,-21.457238214230046,0,0,0.2,151.79906772492242,0.0,-1.0
195.3632035962659,10.746762204344414,19.620502881709427,-18.178796541835613,0,0,0.2,151.62050288170943,0.0,-1.0
194.81226135071606,13.090902923355921,25.452315870977316,-14.881499197671456,0,0,0.2,151.45231587097732,0.0,0.0
194.35720627258547,15.64867609282185,25.28146574107467,-12.42004148592087,0,0,0.2,151.28146574107467,0.0,0.0
193.9843796761292,19.500450895020638,25.098674027698195,-9.947686887879211,0,0,0.2,151.0986740276982,0.0,0.0
193.69415490479955,25.95102131085643,24.90410325133925,-7.463835530194295,0,0,0.2,150.90410325133925,0.0,0.0
193.48692457710686,38.94718036266992,24.697947959044996,-4.967931510712394,0,0,0.2,150.697947959045,0.0,1.0
193.35918969243383,73.0163063585967,18.477645336967754,-2.6481644900361134,0,0,0.2,150.47764533696775,0.0,1.0
193.31309447288314,2292.255947891519,12.243962430936222,-0.08433311936683943,0,0,0.2,150.24396243093622,0.0,0.0
193.3545445095236,85.81759668046284,12.002709466547287,2.253087385206891,0,0,0.2,150.0027094665473,0.0,0.0
193.4313887523253,82.04775368260457,11.759592640432572,2.3575464296146333,0,0,0.2,149.75959264043257,0.0,0.0
193.51171285775564,78.60328339697527,11.516673272644596,2.461878238348529,0,0,0.2,149.5166732726446,0.0,0.0
193.5955124943582,75.44414381624507,11.273959844931,2.5660774011285428,0,0,0.2,149.273959844931,0.0,0.0
193.68278315091757,72.53660438846013,11.031460795101651,2.6701385429303417,0,0,0.2,149.03146079510165,0.0,0.0
193.77352013765702,69.85204963933197,10.789184515348069,2.774056325307138,0,0,0.2,148.78918451534807,0.0,0.0
193.86771858747915,67.36604499176401,10.547139350586491,2.8778254476892755,0,0,0.2,148.5471393505865,0.0,0.0
193.96537345725008,65.05760010496039,10.305333596825761,2.9814406486608314,0,0,0.2,148.30533359682576,0.0,0.0
194.06647952912533,62.90858266838951,10.063775499560535,3.0848967072125824,0,0,0.2,148.06377549956053,0.0,0.0
194.17103141191734,60.903247980564096,9.822473252190747,3.188188443970717,0,0,0.2,147.82247325219075,0.0,0.0
194.27902354250344,59.027858482106566,9.581434994467884,3.291310722400615,0,0,0.2,147.58143499446788,0.0,0.0
194.39045018727347,57.2703737949366,9.340668810968594,3.3942584499851813,0,0,0.2,147.3406688109686,0.0,0.0
194.5053054436165,55.62019648082341,9.100182729596696,3.497026579377107,0,0,0.2,147.1001827295967,0.0,0.0
194.623583241445,54.06796217358951,8.859984720113914,3.599610109524573,0,0,0.2,146.8599847201139,0.0,0.0
194.7452773447568,52.6053653048991,8.620082692699697,3.7020040867698394,0,0,0.2,146.6200826926997,0.0,0.0
194.8703813532325,51.22501357444844,8.380484496541527,3.804203605920289,0,0,0.2,146.38048449654153,0.0,0.0
194.99888870386854,49.920305781331116,8.14119791845502,3.9062038112914164,0,0,0.2,146.14119791845502,0.0,0.0
195.1307926726446,48.68532875551694,7.902230681535713,4.007999897721399,0,0,0.2,145.9022306815357,0.0,0.0
195.2660863762239,47.514769994071855,7.663590443841599,4.1095871115568094,0,0,0.2,145.6635904438416,0.0,0.0
195.40476277368654,46.40384327947439,7.425284797108219,4.210960751609104,0,0,0.2,145.42528479710822,0.0,0.0
195.54681466829354,45.34822508378619,7.187321265495683,4.3121161700815795,0,0,0.2,145.18732126549568,0.0,0.0
195.69223470928168,44.34399997704187,6.949707304368701,4.413048773466468,0,0,0.2,144.9497073043687,0.0,0.0
195.84101539368788,43.3876135868068,6.712450299109491,4.513754023411851,0,0,0.2,144.7124502991095,0.0,0.0
195.99314906820143,42.475831917795084,6.475557563964372,4.614227437558224,0,0,0.2,144.47555756396437,0.0,0.0
196.1486279310442,41.60570605043298,6.239036340923917,4.714464590344404,0,0,0.2,144.23903634092392,0.0,0.0
196.3074440338767,40.77454140649221,6.002893798637558,4.814461113782635,0,0,0.2,144.00289379863756,0.0,0.0
196.46958928372985,39.97987090700933,5.767137031361813,4.9142126982026975,0,0,0.2,143.7671370313618,0.0,0.0
196.63505544496076,39.21943145929334,5.531773057943894,5.013715092964883,0,0,0.2,143.5317730579439,0.0,0.0
196.80383414123196,38.49114330107214,5.2968088208394875,5.112964107141763,0,0,0.2,143.2968088208395,0.0,0.0
196.9759168575126,37.79309180477487,5.062251185165536,5.211955610168581,0,0,0.2,143.06225118516554,0.0,0.0
197.15129494210112,37.123511406764,4.828106937788391,5.31068553246231,0,0,0.2,142.8281069377884,0.0,0.0
197.32995960866765,36.480771377527496,4.594382786446857,5.40914986600927,0,0,0.2,142.59438278644686,0.0,0.0
197.5119019383159,35.863363191404076,4.3610853589106,5.507344664921348,0,0,0.2,142.3610853589106,0.0,0.0
197.69711288166266,35.26988928993377,4.128221202173876,5.6052660459608115,0,0,0.2,142.12822120217388,0.0,0.0
197.88558326093454,34.69905306267167,3.895796781684794,5.702910189033793,0,0,0.2,141.8957967816848,0.0,0.0
198.07730377208057,34.149649894300886,3.6638184806097627,5.800273337652489,0,0,0.2,141.66381848060976,0.0,0.0
198.27226498689964,33.6205591479566,3.43229259913349,5.897351799366201,0,0,0.2,141.4322925991335,0.0,0.0
198.47045735518185,33.110736972500824,3.2012253537941433,5.994141946161326,0,0,0.2,141.20122535379414,0.0,0.0
198.67187120686262,32.61920983661214,2.970622876854037,6.090640214830441,0,0,0.2,140.97062287685404,0.0,0.0
198.87649675418865,32.145068705425345,2.740491215705191,6.186843107310668,0,0,0.2,140.7404912157052,0.0,0.0
199.08432409389454,31.687463786439007,2.510836332310305,6.2827471909915,0,0,0.2,140.5108363323103,0.0,0.0
199.2953432093894,31.245599780807776,2.2816641026783486,6.378349098992303,0,0,0.2,140.28166410267835,0.0,0.0
199.5095439729519,30.818731584199742,2.0529803163752263,6.473645530409732,0,0,0.2,140.05298031637523,0.0,0.0
199.7269161479333,30.40616038833587,1.8247906760686874,6.568633250535332,0,0,0.2,139.8247906760687,0.0,0.0
199.94744939096717,30.007230140310337,1.5971007971080837,6.663309091043592,0,0,0.2,139.59710079710808,0.0,0.0
200.1711332541848,29.621324321960973,1.369916207137834,6.757669950150737,0,0,0.2,139.36991620713783,0.0,0.0
200.39795718743565,29.247863016038966,1.1432423457449943,6.8517127927445935,0,0,0.2,139.143242345745,0.0,0.0
200.62791054051132,28.886300229817287,0.9170845641406231,6.9454346504858835,0,0,0.2,138.91708456414062,0.0,0.0
290.92792070196595,29.116800494768967,8.396009858532352,9.991754442739447,0,0,0.1,146.39600985853235,0.0,0.0
291.26195487923945,28.980531729997907,8.247705778187964,10.050262624331099,0,0,0.1,146.24770577818796,0.0,0.0
291.59793597092613,28.846608087956426,8.099742462324997,10.108569266854962,0,0,0.1,146.099742462325,0.0,0.0
291.9358572550723,28.71498126287741,7.952120704542381,10.166674133703356,0,0,0.1,145.95212070454238,0.0,0.0
292.27571200208376,28.58560426664175,7.804841276640815,10.224577003018187,0,0,0.1,145.80484127664081,0.0,0.0
292.6174934752151,28.45843138415532,7.657904928750298,10.282277667564436,0,0,0.1,145.6579049287503,0.0,0.0
292.9611949310548,28.333418130527274,7.511312389459334,10.339775934602455,0,0,0.1,145.51131238945933,1.0,0.0
293.08642222439187,103.62747374506218,7.370633294523316,-2.82826948908766,0,0,0.1,145.37063329452332,1.0,0.0
292.7725096687784,18.288705964707773,7.241021749337136,-16.008377532765287,0,0,0.1,145.24102174933714,1.0,0.0
292.01907798230064,10.00092490418195,7.121927801599867,-29.199207151349672,0,0,0.1,145.12192780159987,1.0,0.0
290.8257900099886,6.859168817745864,7.01289252137633,-42.39956731456611,0,0,0.1,145.01289252137633,1.0,0.0
289.1923461467274,5.200516225546334,6.913542338032414,-55.60839224501153,0,0,0.1,144.9135423380324,1.0,0.0
287.1184805263368,4.171734810622905,6.823585198998046,-68.82472006495196,0,0,0.1,144.82358519899805,1.0,0.0
284.6039578769179,3.4687632668587125,6.742808485357699,-82.04767405031166,0,0,0.1,144.7428084853577,1.0,0.0
281.6485709673613,2.956119622310221,6.671078692246056,-95.27644579797203,0,0,0.1,144.67107869224606,1.0,0.0
278.2521385918438,2.5642928892845034,6.608342959662309,-108.51027967771752,0,0,0.1,144.6083429596623,1.0,0.0
274.41450405956414,2.253946445365088,6.554632627445699,-121.74845796529794,0,0,0.1,144.5546326274457,1.0,0.0
270.1355341772425,2.001147950040924,6.510069094079654,-134.9902860364313,0,0,0.1,144.51006909407965,1.0,0.0
265.41511873351203,1.7905014401338726,6.4748723924061835,-148.23507693669737,0,0,0.1,144.47487239240618,1.0,0.0
260.2531705190717,1.6116530246420504,6.449373069717609,-161.48213451643798,0,0,0.1,144.4493730697176,1.0,0.0
254.64962594670249,1.4573831400756825,6.434028194412406,-174.73073411119498,0,0,0.1,144.4340281944124,1.0,0.0
248.60444637428782,1.3225040689929135,6.429442634978898,-187.98009942124415,0,0,0.1,144.4294426349789,1.0,0.0
242.11762028664617,1.2031922367284336,6.436397212462197,-201.2293737407926,0,0,0.1,144.4363972124622,1.0,0.0
235.18916656558721,1.0965675916776605,6.455885980748263,-214.47758291467161,0,0,0.1,144.45588598074826,1.0,0.0
227.81913918348687,1.0004196007167756,6.489165843352652,-227.7235862034892,0,0,0.1,144.48916584335265,0.0,0.0
220.27256841368032,0.9786816249356047,6.529925472598478,-225.07071023038142,0,0,0.1,144.52992547259848,0.0,0.0
212.8144217744591,0.9568213369173423,6.570837368675399,-222.41813969167754,0,0,0.1,144.5708373686754,0.0,0.0
205.4446889516851,0.9348343179312625,6.611865313737866,-219.7658825858287,0,0,0.1,144.61186531373787,0.0,0.0
198.1633593628616,0.9127159359909738,6.652967365048937,-217.11394701102415,0,0,0.1,144.65296736504894,0.0,0.0
190.97042215434337,0.8904613329626033,6.694094944654353,-214.46234113162052,0,0,0.1,144.69409494465435,0.0,0.0
183.86586619982873,0.8680654107407789,6.735191759244344,-211.81107313436615,0,0,0.1,144.73519175924434,0.0,0.0
176.8496801005187,0.8455228164154934,6.776192512582639,-209.1601511716202,0,0,0.1,144.77619251258264,0.0,0.0
169.92185218743518,0.8228279263463003,6.817021363078254,-206.5095832879168,0,0,0.1,144.81702136307825,0.0,0.0
163.08237052652888,0.7999748290531954,6.857590066307324,-203.85937732508893,0,0,0.1,144.85759006630732,0.0,0.0
156.33122292739236,0.7769573068261032,6.897795725520552,-201.20954079962345,0,0,0.1,144.89779572552055,0.0,0.0
149.66839695663805,0.7537688159471752,6.937518050961586,-198.56008074381117,0,0,0.1,144.9375180509616,0.0,0.0
143.09387995732692,0.730402465412346,6.976615999130672,-195.91100349934305,0,0,0.1,144.97661599913067,0.0,0.0
136.60765907627732,0.7068509940311145,7.014923623056859,-193.2623144479359,0,0,0.1,145.01492362305686,0.0,0.0
130.20972130168622,0.6831067457768394,7.052244909990094,-190.61401765782554,0,0,0.1,145.0522449099901,0.0,0.0
123.9000535143302,0.6591616432548227,7.0883473075538745,-187.96611541674937,0,0,0.1,145.08834730755387,0.0,0.0
117.67864255677816,0.6350071591534288,7.122953534194721,-185.3186076101308,0,0,0.1,145.12295353419472,0.0,0.0
111.54547532669658,0.6106342855465678,7.155731121008813,-182.6714908856685,0,0,0.1,145.1557311210088,0.0,0.0
105.5005389026952,0.5860335009274155,7.186278918719324,-180.0247575193866,0,0,0.1,145.18627891871932,0.0,0.0
99.54382071460657,0.5611947348786214,7.214109493024068,-177.37839385848213,0,0,0.1,145.21410949302407,0.0,0.0
93.67530877519681,0.5361073303321897,7.238625871849763,-174.73237815486036,0,0,0.1,145.23862587184976,0.0,0.0
87.89499199800058,0.5107600034570612,7.259090415190059,-172.08667750623857,0,0,0.1,145.25909041519006,0.0,0.0
82.2028606378075,0.48514080135827303,7.2745825129184425,-169.4412434651137,0,0,0.1,145.27458251291844,0.0,0.0
76.59890690893202,0.4592370580197131,7.283940141720194,-166.7960056168724,0,0,0.1,145.2839401417202,0.0,0.0
71.08312586636434,0.4330353493455124,7.28567761613607,-164.15086198805488,0,0,0.1,145.28567761613607,0.0,1.0
65.62823869627823,0.4031918847143158,1.0136051481020445,-162.7717252860373,0,0,0.1,145.01360514810204,0.0,1.0
60.25947793914762,0.3792666317375949,-5.883537091642694,-158.88420677313803,0,0,0.1,144.1164629083573,0.0,0.0
55.02335120308383,0.35443612665760066,-7.256777392167493,-155.2419380100002,0,0,0.1,142.7432226078325,0.0,0.0
