dist,ttc,heading_err,approach_speed,ammo,mines,threat_density,threat_angle,session_id,thrust,turn_rate
279.99999999999994,279999999.99999994,60.0,0.0,0,0,2.4,59.99999999999999,20251209-172040,0.0,0.0
279.99999999999994,279999999.99999994,60.0,0.0,0,0,2.4,59.99999999999999,20251209-172040,0.0,0.0
279.99999999999994,279999999.99999994,60.0,0.0,0,0,2.4,59.99999999999999,20251209-172040,0.0,0.0
279.99999999999994,279999999.99999994,60.0,0.0,0,0,2.4,59.99999999999999,20251209-172040,0.0,0.0
279.99999999999994,279999999.99999994,60.0,0.0,0,0,2.4,59.99999999999999,20251209-172040,0.0,0.0
279.99999999999994,279999999.99999994,60.0,0.0,0,0,2.4,59.99999999999999,20251209-172040,0.0,0.0
279.99999999999994,279999999.99999994,60.0,0.0,0,0,2.4,59.99999999999999,20251209-172040,0.0,0.0
279.99999999999994,279999999.99999994,60.0,0.0,0,0,2.4,59.99999999999999,20251209-172040,0.0,0.0
279.99999999999994,279999999.99999994,60.0,0.0,0,0,2.4,59.99999999999999,20251209-172040,0.0,0.0
279.99999999999994,279999999.99999994,60.0,0.0,0,0,2.4,59.99999999999999,20251209-172040,0.0,0.0
279.99999999999994,279999999.99999994,60.0,0.0,0,0,2.6,59.99999999999999,20251209-172040,0.0,0.0
279.99999999999994,279999999.99999994,60.0,0.0,0,0,2.6,59.99999999999999,20251209-172040,0.0,0.0
279.99999999999994,279999999.99999994,60.0,0.0,0,0,2.6,59.99999999999999,20251209-172040,0.0,0.0
279.99999999999994,279999999.99999994,60.0,0.0,0,0,2.6,59.99999999999999,20251209-172040,0.0,0.0
279.99999999999994,279999999.99999994,60.0,0.0,0,0,2.5,59.99999999999999,20251209-172040,0.0,0.0
279.99999999999994,279999999.99999994,60.0,0.0,0,0,2.5,59.99999999999999,20251209-172040,0.0,0.0
279.99999999999994,279999999.99999994,60.0,0.0,0,0,2.5,59.99999999999999,20251209-172040,0.0,0.0
279.99999999999994,279999999.99999994,60.0,0.0,0,0,2.4,59.99999999999999,20251209-172040,0.0,0.0
279.99999999999994,279999999.99999994,60.0,0.0,0,0,2.4,59.99999999999999,20251209-172040,0.0,0.0
279.99999999999994,279999999.99999994,60.0,0.0,0,0,2.4,59.99999999999999,20251209-172040,0.0,0.0
279.99999999999994,279999999.99999994,60.0,0.0,0,0,2.3,59.99999999999999,20251209-172040,0.0,0.0
279.99999999999994,279999999.99999994,60.0,0.0,0,0,2.3,59.99999999999999,20251209-172040,0.0,0.0
279.99999999999994,279999999.99999994,60.0,0.0,0,0,2.3,59.99999999999999,20251209-172040,0.0,0.0
279.99999999999994,279999999.99999994,60.0,0.0,0,0,2.3,59.99999999999999,20251209-172040,0.0,0.0
279.99999999999994,279999999.99999994,60.0,0.0,0,0,2.3,59.99999999999999,20251209-172040,0.0,0.0
279.99999999999994,279999999.99999994,60.0,0.0,0,0,2.3,59.99999999999999,20251209-172040,-0.20703125,0.0
279.98200954861113,259.3801970245276,0.0,-1.0794270833333333,0,0,2.3,0.0,20251209-172040,-0.5546875,0.0
279.9980315226036,209.1837828969282,0.0,1.3385264748776817,0,0,2.3,0.0,20251209-172040,-0.9453125,-0.28125
279.88121249195206,47.468446625474954,-174.93617683285015,-5.8961527580670365,0,0,2.3,-179.99867683285018,20251209-172040,-0.953125,-0.2734375
279.6091565794853,26.886356775142957,-170.00670905157813,-10.399666973027385,0,0,2.3,-179.99108405157807,20251209-172040,-0.95703125,-0.26953125
279.18189909192404,18.33059502040685,179.8200426206414,-15.230378434585456,0,0,2.3,164.98410512064137,20251209-172040,-0.90625,-0.2890625
278.60362579649495,14.333962009140315,-174.9715808080162,-19.436609753733002,0,0,2.3,164.9893566919838,20251209-172040,0.0,0.0
278.00001727119144,16.567418352391993,-174.96063462528795,-16.779923785231993,0,0,2.3,165.00030287471205,20251209-172040,0.0,0.0
277.4849628434522,19.647233090899846,-174.95125653183678,-14.123360860007152,0,0,2.3,165.00968096816322,20251209-172040,0.87109375,-0.2890625
277.1707187442958,58.277747760201486,-169.73989752744035,-4.756030035422521,0,0,2.3,165.01791497255965,20251209-172040,0.9375,-0.33203125
277.15084077009095,125.3194335571276,-163.76280501938538,2.2115551666912867,0,0,2.3,165.01844498061462,20251209-172040,0.94140625,-0.31640625
277.2946137165962,43.609319827280956,-158.0780450144068,6.358609004103918,0,0,2.3,165.0078924855932,20251209-172040,0.9609375,-0.265625
277.5737184925587,26.88427889081043,-153.32306700927194,10.324759671624996,0,0,2.3,164.98162049072806,20251209-172040,1,0.0
277.98324708883143,22.504810401675396,-138.25721184526168,12.352170141728307,0,0,2.3,-179.95252434526168,20251209-172040,0.984375,0.1640625
278.4670784585746,16.647583748853048,-141.2944202234502,16.72717690804588,0,0,2.3,179.9633922765498,20251209-172040,0.86328125,0.49609375
278.9049668800844,23.971275813649005,-117.27799758665435,11.634965491543786,0,0,2.3,-150.02018508665438,20251209-172040,0.5546875,0.828125
278.93472081044035,50.93745256946677,-78.28632804381687,-5.476024157863777,0,0,2.3,-105.02851554381687,20251209-172040,0.37109375,0.92578125
278.4215450723248,13.238765805881421,-39.232740978005154,-21.030778031335366,0,0,2.3,-59.974928478005175,20251209-172040,0.0,0.98828125
277.7418352370104,13.129062291583873,-30.230387242195263,-21.15473512644169,0,0,2.3,-44.97257474219525,20251209-172040,-0.26953125,0.9609375
277.12495418422236,17.412391811771734,-36.3136435583794,-15.9153869945007,0,0,2.3,-45.05583105837941,20251209-172040,-0.6875,0.546875
276.6726658226875,26.331619409129992,-27.20202782067628,-10.507240801405343,0,0,2.3,-29.944215320676253,20251209-172040,-0.999969482421875,0.0
276.47561402657965,209.97103853495685,-27.223018622927782,-1.3167321358014374,0,0,2.3,-29.965206122927796,20251209-172040,-0.9765625,-0.1953125
276.5256541540457,73.34854964300128,-23.70265658611828,3.7700221135924132,0,0,2.3,-29.960469086118305,20251209-172040,-0.90234375,-0.41015625
276.720674115179,34.707068326162585,-17.687670727908994,7.973035103820157,0,0,2.3,-29.94548322790901,20251209-172040,-0.72265625,-0.6796875
277.0369228824727,25.162471661432484,-11.670706308468027,11.009924883774362,0,0,2.3,-29.928518808468027,20251209-172040,-0.46875,-0.875
277.40547988482297,24.38440109240476,-20.799259983020477,11.376349939192439,0,0,2.3,-45.05707248302048,20251209-172040,-0.39453125,-0.91015625
277.79727392554673,22.933114307401354,-14.773341074057953,12.11336891282539,0,0,2.3,-45.03115357405796,20251209-172040,-0.1875,-0.9765625
278.1857785839727,24.912215713920098,-8.756588745902945,11.16664136897835,0,0,2.3,-45.01440124590294,20251209-172040,0.25390625,-0.9609375
278.4837211736795,41.705699430676844,-2.7501317299274888,6.677354054128136,0,0,2.3,-45.0079442299275,20251209-172040,0.48828125,-0.86328125
278.59967438360064,1015.1015675078714,3.250147647482777,0.2744549740648886,0,0,2.3,-45.00766485251723,20251209-172040,0.6953125,-0.7109375
278.55877956028655,109.71074272639781,9.251230297057361,-2.5390292020442384,0,0,2.3,-45.006582202942646,20251209-172040,0.79296875,-0.59765625
278.4196747417188,48.21718438517285,15.257655390307889,-5.774283137680162,0,0,2.3,-45.00015710969213,20251209-172040,0.86328125,-0.49609375
278.1681501557234,30.040217088378554,21.27499686259017,-9.259858187354324,0,0,2.3,-44.982815637409814,20251209-172040,0.91796875,-0.390625
277.80053230863325,21.851006959519847,27.30948355121359,-12.713397273785759,0,0,2.3,-44.94832894878641,20251209-172040,0.93359375,-0.34375
277.2788352140303,15.52819183826243,18.22043252361243,-17.856479241246753,0,0,2.3,-60.03737997638759,20251209-172040,0.9375,-0.33984375
276.62534352075653,13.01258585010546,24.273289962454783,-21.2582915269308,0,0,2.3,-59.984522537545246,20251209-172040,0.9375,-0.328125
275.8683435921959,11.47196909017558,30.260765286836318,-24.04716587219934,0,0,2.3,-59.90329721316368,20251209-172040,0.9453125,-0.3125
274.9338426342724,9.066692330808202,20.724735551796698,-30.323499750847386,0,0,2.3,-75.06432694820327,20251209-172040,0.953125,-0.29296875
273.8719518448003,8.22825071392699,26.09443575019759,-33.28434698535006,0,0,2.3,-74.96806424980241,20251209-172040,0.953125,-0.28515625
272.7217185429065,7.65843197512833,31.35969403195861,-35.61064711792215,0,0,2.3,-74.8356184680414,20251209-172040,0.953125,-0.28515625
271.3782927303394,6.280454328419687,21.189759206206816,-43.20997789958051,0,0,2.3,-90.13836579379317,20251209-172040,0.953125,-0.28515625
269.89537152686665,5.913237347693902,26.461472855225168,-45.642573713386106,0,0,2.3,-89.99946464477485,20251209-172040,0.95703125,-0.27734375
268.3426864329674,5.6632292872594885,31.637546206959087,-47.38333428184787,0,0,2.3,-89.81557879304088,20251209-172040,0.9609375,-0.265625
266.69057737472923,4.729892384979106,20.899684472416425,-56.38406874153593,0,0,2.3,-105.33469052758358,20251209-172040,0.9609375,-0.265625
264.77300219884984,4.5228571676971105,25.85993658379948,-58.541093026305646,0,0,2.3,-105.1556884162005,20251209-172040,0.95703125,-0.27734375
262.79950445994194,4.400991833192664,31.084876050613047,-59.7136996433134,0,0,2.3,-104.92293644938692,20251209-172040,0.89453125,-0.4375
260.82176489860757,4.4404958330937205,37.379696942611076,-58.73708133104844,0,0,2.3,-104.62811555738892,20251209-172040,0.7890625,-0.60546875
258.7591350267244,3.774077931134935,27.506482367176318,-68.56221300891652,0,0,2.3,-120.50133013282371,20251209-172040,0.65234375,-0.75390625
256.51042796929414,3.8763564281183993,33.80305717311461,-66.17307585768253,0,0,2.3,-120.2047553268854,20251209-172040,0.58203125,-0.8046875
254.36738609661552,4.087652375380547,40.16522086540431,-62.22823340571731,0,0,2.3,-119.84259163459569,20251209-172040,0.57421875,-0.8125
252.3747150238248,4.415866893351983,46.59117235742468,-57.15179400080444,0,0,2.3,-119.41664014257533,20251209-172040,0.5703125,-0.8125
250.3373260058536,3.659726894642511,36.297080075716224,-68.40328068532202,0,0,2.3,-135.71073242428378,20251209-172040,0.56640625,-0.81640625
248.13428897121284,3.9020931466878603,42.71479425578866,-63.590047608635885,0,0,2.3,-135.2930182442113,20251209-172040,0.546875,-0.83203125
246.11224708902637,4.276524206946193,49.19968436790316,-57.54959756553599,0,0,2.3,-134.80812813209684,20251209-172040,0.5078125,-0.85546875
244.312604903246,4.860766217007156,55.747299054076734,-50.262159090974095,0,0,2.3,-134.26051344592324,20251209-172040,0.47265625,-0.875
242.54128001605307,3.8020311587247537,45.02607807172649,-63.79255452956474,0,0,2.3,-150.98173442827354,20251209-172040,0.453125,-0.88671875
240.53174970886036,4.248693296086532,51.56106010382632,-56.61311206681216,0,0,2.3,-150.44675239617365,20251209-172040,0.4375,-0.890625
238.77888693276398,4.932578497733443,58.156498906407705,-48.408532584425096,0,0,2.3,-149.8513135935923,20251209-172040,0.4296875,-0.89453125
237.31445670921974,6.034582914742585,64.80524700715546,-39.32574298208027,0,0,2.3,-149.20256549284454,20251209-172040,0.421875,-0.90234375
236.05405323120493,4.288797865731094,53.68964368967323,-55.03967792871623,0,0,2.3,-166.31816881032677,20251209-172040,0.3828125,-0.91796875
234.36529585177283,5.078159172438614,60.323285935102604,-46.15162461306364,0,0,2.3,-165.6845265648974,20251209-172040,0.3515625,-0.9296875
232.98726849330646,6.396412713643703,67.0058732824998,-36.424677225148244,0,0,2.3,-165.0019392175002,20251209-172040,0.32421875,-0.9375
231.94432506535156,8.894020469283221,73.72636808698894,-26.078681274279123,0,0,2.3,-164.2814444130111,20251209-172040,0.30859375,-0.9453125
231.25309359836143,15.061878498989232,80.4728873894253,-15.353535989145065,0,0,2.3,-163.5349251105747,20251209-172040,0.30859375,-0.9453125
230.14168452734742,6.942620768836052,68.99086802880711,-33.149107835531574,0,0,2.3,178.9830555288071,20251209-172040,0.30859375,-0.9453125
229.2093728280137,10.084297793026552,75.72203672374619,-22.729334013372306,0,0,2.3,179.71422422374619,20251209-172040,0.30078125,-0.9453125
228.6296794946974,19.018094943146053,82.47523316149824,-12.021691982197902,0,0,2.3,-179.53257933850176,20251209-172040,0.27734375,-0.95703125
228.40917142528397,188.16149884919494,89.23785466002249,-1.2138996172024872,0,0,2.3,-178.7699578399775,20251209-172040,0.25390625,-0.9609375
228.18571117986448,11.71673362942976,77.57856844540606,-19.475198327178326,0,0,2.3,163.57075594540606,20251209-172040,0.22265625,-0.96875
227.71348786996944,25.699270268936285,84.32339327694547,-8.860698591322091,0,0,2.3,164.31558077694547,20251209-172040,0.1796875,-0.97265625
227.5939855250612,138.2265674007474,91.06856132436474,1.6465285205644962,0,0,2.3,165.06074882436477,20251209-172040,0.0,-0.3359375
227.81710563952376,19.61605897873243,97.79541956619977,11.613806110927849,0,0,2.3,165.78760706619977,20251209-172040,0.0,0.0
228.2151827447949,18.623985496332047,98.49432423984075,12.253831640372645,0,0,2.3,166.48651173984075,20251209-172040,0.0,0.0
228.0499800911567,17.667932225000126,80.74902761974897,-12.907564800846698,0,0,2.3,148.74121511974894,20251209-172040,0.0,0.296875
227.52167565019727,12.161315677589881,76.05358122333985,-18.708639894074956,0,0,2.3,149.38951872333988,20251209-172040,0.0,0.98046875
226.79455446829755,9.139685293293182,70.6679285021518,-24.814262985041978,0,0,2.3,150.0038660021518,20251209-172040,0.0,1
225.87458395662927,7.461308808462132,65.24358372565737,-30.272783201314088,0,0,2.3,150.57952122565737,20251209-172040,0.0,1
224.783977794728,6.413832841580598,59.77695694879682,-35.04674713962972,0,0,2.3,151.11289444879682,20251209-172040,0.0,1
223.54607856579327,5.716417136935886,54.26492551701125,-39.10597726001823,0,0,2.3,151.60086301701125,20251209-172040,0.0,1
222.09301259853433,3.97952973090418,29.76565611994667,-55.808858738711585,0,0,2.3,133.10159361994667,20251209-172040,0.0,1
220.2225022832236,3.9121617158134616,24.011610132766094,-56.29176866412651,0,0,2.3,133.3475476327661,20251209-172040,0.0,1
218.3487497470202,3.898520528478058,18.20080173005195,-56.00810567804328,0,0,2.3,133.53673923005195,20251209-172040,0.0,1
216.49677188929923,3.9368823687386296,12.334228159595256,-54.991933111444325,0,0,2.3,133.67016565959526,20251209-172040,0.0,1
214.69025638361305,4.0287949855148915,6.413692349461826,-53.2889504567766,0,0,2.3,133.74962984946183,20251209-172040,0.0,1
212.9511746067916,4.179086636077616,0.44181299250189454,-50.9563914680319,0,0,2.3,133.7777504925019,20251209-172040,0.0,0.98828125
211.29940365692457,4.396339922446489,-5.577987843848092,-48.06257190852977,0,0,2.3,133.7579496561519,20251209-172040,0.0,0.375
209.7523699318056,4.693912444305474,-11.641523074657186,-44.686042277220444,0,0,2.3,133.6944144253428,20251209-172040,0.0,0.0
208.3065784135284,4.952394453856962,-11.723465957924986,-42.06179058521836,0,0,2.3,133.612471542075,20251209-172040,0.0,0.0
206.94822807360208,5.247224262610853,-11.801518732762872,-39.43956227451791,0,0,2.3,133.53441876723713,20251209-172040,0.296875,-0.21484375
205.63186065584816,5.204225220307566,-7.998160480162937,-39.51248302118936,0,0,2.3,133.47058951983706,20251209-172040,0.67578125,-0.6328125
204.26574674483584,4.818920354672319,-2.031467822210402,-42.38828030157922,0,0,2.3,133.4372821777896,20251209-172040,0.640625,-0.7578125
202.8153851558323,4.552302877781848,3.975643401038468,-44.55226082291255,0,0,2.3,133.44439340103847,20251209-172040,0.5078125,-0.8515625
201.3182667011133,4.455393610585055,10.027881328049006,-45.18529321917248,0,0,2.3,133.496631328049,20251209-172040,0.390625,-0.91015625
199.82376959460237,4.500962534747513,16.127080512139003,-44.39578602398025,0,0,2.3,133.595830512139,20251209-172040,0.3125,-0.9453125
198.3738720999332,4.665879662556403,22.27235424261363,-42.515856911587285,0,0,2.3,133.74110424261363,20251209-172040,0.25,-0.96484375
197.00190043303795,4.9583135244411105,28.46081232134304,-39.73163444827615,0,0,2.3,133.92956232134304,20251209-172040,0.1875,-0.88671875
195.73630119379533,5.414486545062586,34.68763796659587,-36.15048251847356,0,0,2.3,134.15638796659587,20251209-172040,0.0,-0.16796875
194.5912822899195,5.9760841478751745,37.958067535823574,-32.561670397346624,0,0,2.3,134.40338003582357,20251209-172040,0.0,0.0
193.54267047345044,6.375293246021689,38.20063596635799,-30.35823812406197,0,0,2.3,134.645948466358,20251209-172040,0.0,0.0
192.56719075336355,6.835019537267555,38.42939822480196,-28.173612336205025,0,0,2.3,134.87471072480196,20251209-172040,0.0,0.0
191.66422998061807,7.369730058708246,38.6438863930496,-26.006953911988013,0,0,2.3,135.0891988930496,20251209-172040,0.0,0.0
190.83320447068436,7.9989323085840764,38.84365731028984,-23.857334592754484,0,0,2.3,135.28896981028984,20251209-172040,0.0,0.0
190.0735629218396,8.74957813477414,39.02829441200652,-21.723740275707147,0,0,2.3,135.47360691200652,20251209-172040,0.0,0.0
189.3847892121436,9.659988000208822,39.19740946516936,-19.605074996785675,0,0,2.3,135.64272196516936,20251209-172040,0.0,0.0
188.76640505249176,10.786549659078553,39.350644190079635,-17.50016557830572,0,0,2.3,135.79595669007963,20251209-172040,0.0,0.0
188.21797247410956,12.215785297605967,39.487671760255864,-15.407766908853274,0,0,2.3,135.93298426025586,20251209-172040,1,0.0
187.64067099842475,9.759620973181777,39.63307268119607,-19.226225230881195,0,0,2.3,136.07838518119607,20251209-172040,1,-0.796875
186.96946952919836,8.953876929858362,45.823326736448536,-20.881398191403996,0,0,2.3,136.26863923644854,20251209-172040,0.84375,-0.9765625
186.2730158966969,8.97419721504171,52.069353321221826,-20.756510185054044,0,0,2.3,136.51466582122183,20251209-172040,0.83984375,-0.98046875
185.5963142999012,9.42766738696795,58.3701953654045,-19.68634516704043,0,0,2.3,136.8155078654045,20251209-172040,0.83984375,-0.98046875
184.97148512990336,10.487957456689998,64.72749302552117,-17.63655944389008,0,0,2.3,137.17280552552117,20251209-172040,1,-0.96875
184.42454063740303,12.32399340025838,71.14732135092282,-14.964673758551058,0,0,2.3,137.59263385092282,20251209-172040,1,-0.33984375
183.98835084044592,16.744565571774103,77.63462990106711,-10.987944121440242,0,0,2.3,138.07994240106711,20251209-172040,1,0.0
183.61260023691884,15.920279628526382,78.18137033459442,-11.53325221172101,0,0,2.3,138.62668283459442,20251209-172040,1,0.0
182.94514926809268,5.302096607310035,55.751922847256026,-34.50430326295168,0,0,2.3,116.19723534725603,20251209-172040,0.0,0.0
181.8275283630541,5.584106685356643,56.2726803895859,-32.56161434735218,0,0,2.3,116.71799288958591,20251209-172040,0.0,0.0
180.7738008468064,5.894043693046792,56.7762609226516,-30.67059055908686,0,0,2.3,117.22157342265159,20251209-172040,0.0,0.0
179.78225660093247,6.235840871116397,57.26187180447798,-28.830475362779133,0,0,2.3,117.70718430447798,20251209-172040,0.0,0.0
178.8512140513472,6.614243474108838,57.728749544433356,-27.04031303828659,0,0,2.3,118.17406204443336,20251209-172040,0.0,0.0
177.97902676050225,7.035035630078436,58.176161620557366,-25.298951720947844,0,0,2.3,118.62147412055735,20251209-172040,0.0,0.0
177.1640898983711,7.505347701008114,58.60340808068324,-23.605047621521187,0,0,2.3,119.04872058068324,20251209-172040,0.0,0.0
176.40484655424328,8.034079401165767,59.00982293106358,-21.957070343199053,0,0,2.3,119.4551354310636,20251209-172040,0.0,-0.640625
175.76239084702874,10.563855320341874,65.40590772138992,-16.638091446460724,0,0,2.3,119.85122022138992,20251209-172040,-0.26171875,-0.95703125
175.30344956230806,15.886940792169941,71.78687269010663,-11.034437142782602,0,0,2.3,120.23218519010663,20251209-172040,-0.265625,-0.95703125
175.01722839416558,27.81350769317946,78.13359061105399,-6.292526290636977,0,0,2.3,120.578903111054,20251209-172040,-0.2578125,-0.95703125
174.8731457373834,69.51361953264792,84.43854570637603,-2.515667388823741,0,0,2.3,120.88385820637602,20251209-172040,-0.2578125,-0.95703125
174.83837174313084,674.9438860470028,90.69634369504041,0.2590413445584648,0,0,2.3,121.1416561950404,20251209-172040,-0.25,-0.9609375
174.8790466408931,86.9572005485992,96.90359627650253,2.0110933371544726,0,0,2.3,121.34890877650253,20251209-172040,-0.25,-0.9609375
174.9611214448645,63.74115425222705,103.05887397108097,2.744869048849261,0,0,2.3,121.50418647108094,20251209-172040,-0.24609375,-0.9609375
175.05111511849117,70.2193896334728,109.16244299258773,2.492917070800716,0,0,2.3,121.60775549258771,20251209-172040,-0.24609375,-0.9609375
175.1168057170371,135.15441537043358,115.21629530648181,1.2956795028639938,0,0,2.3,121.66160780648184,20251209-172040,-0.24609375,-0.9609375
175.13193959284425,175131939.59284425,121.22620152820281,0.0,0,0,2.3,121.6715140282028,20251209-172040,-0.2265625,-0.95703125
175.14087483354965,311.3724570478332,127.23034102006102,0.5624803057215957,0,0,2.3,121.67565352006099,20251209-172040,0.0,-0.3671875
175.14419517987628,175144195.1798763,133.2317348992329,0.0,0,0,2.3,121.6770473992329,20251209-172040,0.0,0.0
175.14419517987628,175144195.1798763,133.2317348992329,0.0,0,0,2.3,121.6770473992329,20251209-172040,0.0,0.0
175.14419517987628,175144195.1798763,133.2317348992329,0.0,0,0,2.3,121.6770473992329,20251209-172040,0.0,0.0
175.14419517987628,175144195.1798763,133.2317348992329,0.0,0,0,2.3,121.6770473992329,20251209-172040,0.0,0.0
175.14419517987628,175144195.1798763,133.2317348992329,0.0,0,0,2.3,121.6770473992329,20251209-172040,0.36328125,0.51953125
175.1454437995634,2443.0336503366766,127.23223515858172,0.07169178524226485,0,0,2.3,121.67754765858174,20251209-172040,0.44140625,0.890625
175.15421624460487,404.05172317938917,121.2365736343719,0.4334945409126263,0,0,2.3,121.68188613437187,20251209-172040,0.3828125,0.921875
175.1694410038639,371.96373262724904,115.24589927873859,0.47093150659234856,0,0,2.3,121.6912117787386,20251209-172040,0.31640625,0.9453125
175.18191681023734,615.3244876701872,109.255812509348,0.2846984319989139,0,0,2.3,121.70112500934802,20251209-172040,0.23046875,0.8515625
175.18602990720177,175186029.90720177,103.26012119897138,0.0,0,0,2.3,121.70543369897139,20251209-172040,0.0,0.0
175.18602990720177,175186029.90720177,103.26012119897138,0.0,0,0,2.3,121.70543369897139,20251209-172040,0.0,0.0
175.18602990720177,175186029.90720177,103.26012119897138,0.0,0,0,2.3,121.70543369897139,20251209-172040,0.0,0.0
175.18602990720177,175186029.90720177,103.26012119897138,0.0,0,0,2.3,121.70543369897139,20251209-172040,0.0,0.0
175.18602990720177,175186029.90720177,103.26012119897138,0.0,0,0,2.3,121.70543369897139,20251209-172040,0.0,0.49609375
175.18602990720177,175186029.90720177,97.26012119897138,0.0,0,0,2.3,121.70543369897139,20251209-172040,0.1953125,0.9765625
175.18492309477787,6847.382190237929,91.2537597785888,-0.025584218644102097,0,0,2.3,121.69907227858882,20251209-172040,0.19140625,0.98046875
175.1848569903807,175184856.9903807,85.25195725631283,0.0,0,0,2.3,121.69726975631282,20251209-172040,0.0,0.98828125
175.1848569903807,175184856.9903807,79.25195725631283,0.0,0,0,2.3,121.69726975631282,20251209-172040,0.0,0.9921875
175.1848569903807,175184856.9903807,73.25195725631283,0.0,0,0,2.3,121.69726975631282,20251209-172040,0.0,0.9921875
175.1848569903807,175184856.9903807,67.25195725631283,0.0,0,0,2.3,121.69726975631282,20251209-172040,0.0,0.9921875
175.1848569903807,175184856.9903807,61.251957256312835,0.0,0,0,2.3,121.69726975631282,20251209-172040,0.0,1
175.1848569903807,175184856.9903807,55.251957256312835,0.0,0,0,2.3,121.69726975631282,20251209-172040,0.0,1
175.1848569903807,175184856.9903807,49.251957256312835,0.0,0,0,2.3,121.69726975631282,20251209-172040,0.0,1
175.1848569903807,175184856.9903807,43.251957256312835,0.0,0,0,2.5,121.69726975631282,20251209-172040,0.0,1
175.1848569903807,175184856.9903807,37.251957256312835,0.0,0,0,2.5,121.69726975631282,20251209-172040,0.0,1
175.1848569903807,175184856.9903807,31.251957256312835,0.0,0,0,2.5,121.69726975631282,20251209-172040,0.0,1
175.1848569903807,175184856.9903807,25.251957256312835,0.0,0,0,2.5,121.69726975631282,20251209-172040,0.0,1
175.1848569903807,175184856.9903807,19.251957256312835,0.0,0,0,2.5,121.69726975631282,20251209-172040,0.0,1
175.1848569903807,175184856.9903807,13.251957256312835,0.0,0,0,2.5,121.69726975631282,20251209-172040,0.0,1
175.1848569903807,175184856.9903807,7.251957256312835,0.0,0,0,2.7,121.69726975631282,20251209-172040,0.0,1
175.1848569903807,175184856.9903807,1.251957256312835,0.0,0,0,2.7,121.69726975631282,20251209-172040,0.0,1
175.1848569903807,175184856.9903807,-4.748042743687165,0.0,0,0,2.7,121.69726975631282,20251209-172040,0.0,1
175.1848569903807,175184856.9903807,-10.748042743687165,0.0,0,0,2.9,121.69726975631282,20251209-172040,0.0,1
175.1848569903807,175184856.9903807,-16.748042743687165,0.0,0,0,2.9,121.69726975631282,20251209-172040,0.0,0.53515625
175.1848569903807,175184856.9903807,-22.748042743687165,0.0,0,0,2.9,121.69726975631282,20251209-172040,0.0,0.0
175.1848569903807,175184856.9903807,-22.748042743687165,0.0,0,0,2.9,121.69726975631282,20251209-172040,0.0,0.0
175.1848569903807,175184856.9903807,-22.748042743687165,0.0,0,0,2.9,121.69726975631282,20251209-172040,0.0,0.0
175.1848569903807,175184856.9903807,-22.748042743687165,0.0,0,0,2.9,121.69726975631282,20251209-172040,0.0,0.0
175.1848569903807,175184856.9903807,-22.748042743687165,0.0,0,0,2.9,121.69726975631282,20251209-172040,0.0,0.0
175.1848569903807,175184856.9903807,-22.748042743687165,0.0,0,0,2.9,121.69726975631282,20251209-172040,0.0,0.0
175.1848569903807,175184856.9903807,-22.748042743687165,0.0,0,0,2.9,121.69726975631282,20251209-172040,0.0,0.0
175.1848569903807,175184856.9903807,-22.748042743687165,0.0,0,0,3.1,121.69726975631282,20251209-172040,0.0,0.0
175.1848569903807,175184856.9903807,-22.748042743687165,0.0,0,0,3.1,121.69726975631282,20251209-172040,0.0,0.0
175.1848569903807,175184856.9903807,-22.748042743687165,0.0,0,0,3.1,121.69726975631282,20251209-172040,0.0,0.0
175.1848569903807,175184856.9903807,-22.748042743687165,0.0,0,0,3.0,121.69726975631282,20251209-172040,0.0,0.0
175.1848569903807,175184856.9903807,-22.748042743687165,0.0,0,0,3.0,121.69726975631282,20251209-172040,0.0,0.25390625
175.1848569903807,175184856.9903807,-27.318355243687165,0.0,0,0,3.0,121.69726975631282,20251209-172040,0.0,0.71875
175.1848569903807,175184856.9903807,-33.318355243687165,0.0,0,0,2.9,121.69726975631282,20251209-172040,-0.2109375,0.97265625
175.1709510786465,215.76073596648214,-39.32182260030595,-0.8118759434796275,0,0,2.9,121.69380239969404,20251209-172040,-0.30859375,0.9453125
175.1681462461099,175168146.2461099,-45.322585324956606,0.0,0,0,2.9,121.6930396750434,20251209-172040,-0.33984375,0.9375
175.16748163853853,4580.199710733215,-51.3228382641463,-0.03824450737989699,0,0,2.8,121.6927867358537,20251209-172040,-0.34765625,0.9375
175.167474326402,175167474.326402,-57.32284125441711,0.0,0,0,2.8,121.69278374558289,20251209-172040,-0.34375,0.9375
175.16722446950968,12485.177120147773,-63.32299067255015,-0.01403001517590296,0,0,2.8,121.69263432744985,20251209-172040,-0.32421875,0.90234375
175.16722305185968,175167223.05185968,-69.32299159592824,0.0,0,0,2.8,121.69263340407176,20251209-172040,0.0,0.390625
175.16722305185968,175167223.05185968,-75.32299159592824,0.0,0,0,2.8,121.69263340407176,20251209-172040,0.0,0.0
175.16722305185968,175167223.05185968,-75.32299159592824,0.0,0,0,2.8,121.69263340407176,20251209-172040,0.0,0.0
175.16722305185968,175167223.05185968,-75.32299159592824,0.0,0,0,2.8,121.69263340407176,20251209-172040,0.0,0.0
175.16722305185968,175167223.05185968,-75.32299159592824,0.0,0,0,2.8,121.69263340407176,20251209-172040,0.0,0.0
175.16722305185968,175167223.05185968,-75.32299159592824,0.0,0,0,2.8,121.69263340407176,20251209-172040,0.0,0.0
175.16722305185968,175167223.05185968,-75.32299159592824,0.0,0,0,2.8,121.69263340407176,20251209-172040,0.0,0.0
175.16722305185968,175167223.05185968,-75.32299159592824,0.0,0,0,2.8,121.69263340407176,20251209-172040,0.0,0.0
175.16722305185968,175167223.05185968,-75.32299159592824,0.0,0,0,2.8,121.69263340407176,20251209-172040,0.0,0.0
175.16722305185968,175167223.05185968,-75.32299159592824,0.0,0,0,2.8,121.69263340407176,20251209-172040,0.0,0.0
175.16722305185968,175167223.05185968,-75.32299159592824,0.0,0,0,2.8,121.69263340407176,20251209-172040,0.0,0.0
175.16722305185968,175167223.05185968,-75.32299159592824,0.0,0,0,2.8,121.69263340407176,20251209-172040,0.0,0.0
175.16722305185968,175167223.05185968,-75.32299159592824,0.0,0,0,2.8,121.69263340407176,20251209-172040,0.0,0.0
175.16722305185968,175167223.05185968,-75.32299159592824,0.0,0,0,2.8,121.69263340407176,20251209-172040,0.0,0.0
175.16722305185968,175167223.05185968,-75.32299159592824,0.0,0,0,2.8,121.69263340407176,20251209-172040,0.0,0.0
175.16722305185968,175167223.05185968,-75.32299159592824,0.0,0,0,2.8,121.69263340407176,20251209-172040,0.0,0.0
175.16722305185968,175167223.05185968,-75.32299159592824,0.0,0,0,2.8,121.69263340407176,20251209-172040,0.0,0.0
175.16722305185968,175167223.05185968,-75.32299159592824,0.0,0,0,2.8,121.69263340407176,20251209-172040,0.0,0.0
175.16722305185968,175167223.05185968,-75.32299159592824,0.0,0,0,2.8,121.69263340407176,20251209-172040,0.0,0.0
175.16722305185968,175167223.05185968,-75.32299159592824,0.0,0,0,2.8,121.69263340407176,20251209-172040,0.0,0.0
175.16722305185968,175167223.05185968,-75.32299159592824,0.0,0,0,2.8,121.69263340407176,20251209-172040,0.0,0.0
175.16722305185968,175167223.05185968,-75.32299159592824,0.0,0,0,2.8,121.69263340407176,20251209-172040,0.0,0.17578125
175.16722305185968,175167223.05185968,-78.48705409592824,0.0,0,0,2.8,121.69263340407176,20251209-172040,-0.1796875,0.453125
175.1644161454645,1416.2126943720034,-84.49401912432509,-0.12368510523988653,0,0,2.8,121.68566837567491,20251209-172040,-0.2890625,0.6875
175.16392408189975,175163924.08189976,-90.49586734656597,0.0,0,0,2.8,121.68382015343403,20251209-172040,-0.34375,0.75
175.16396489763102,49544.9860246402,-96.49603713413961,0.003535452907596275,0,0,2.8,121.68365036586039,20251209-172040,-0.34375,0.734375
175.16396524555253,175163965.24555254,-102.49603813177676,0.0,0,0,2.8,121.68364936822324,20251209-172040,-0.25390625,0.49609375
175.1673722366945,766.6857143100981,-108.49980079594084,0.22847350481066261,0,0,2.8,121.67988670405916,20251209-172040,0.0,0.0
175.16840046879432,175168400.46879432,-108.5008059480704,0.0,0,0,2.8,121.6788815519296,20251209-172040,0.0,0.0
175.16840046879432,175168400.46879432,-108.5008059480704,0.0,0,0,2.8,121.6788815519296,20251209-172040,0.0,0.0
175.16840046879432,175168400.46879432,-108.5008059480704,0.0,0,0,2.8,121.6788815519296,20251209-172040,0.0,0.0
175.16840046879432,175168400.46879432,-108.5008059480704,0.0,0,0,2.8,121.6788815519296,20251209-172040,0.0,0.0
175.16840046879432,175168400.46879432,-108.5008059480704,0.0,0,0,2.8,121.6788815519296,20251209-172040,0.0,0.0
175.16840046879432,175168400.46879432,-108.5008059480704,0.0,0,0,2.8,121.6788815519296,20251209-172040,0.0,0.0
175.16840046879432,175168400.46879432,-108.5008059480704,0.0,0,0,2.8,121.6788815519296,20251209-172040,0.0,0.0
175.16840046879432,175168400.46879432,-108.5008059480704,0.0,0,0,2.8,121.6788815519296,20251209-172040,0.0,0.0
175.16840046879432,175168400.46879432,-108.5008059480704,0.0,0,0,2.8,121.6788815519296,20251209-172040,0.0,0.0
175.16840046879432,175168400.46879432,-108.5008059480704,0.0,0,0,2.8,121.6788815519296,20251209-172040,0.0,0.0
175.16840046879432,175168400.46879432,-108.5008059480704,0.0,0,0,3.0,121.6788815519296,20251209-172040,0.0,0.0
175.16840046879432,175168400.46879432,-108.5008059480704,0.0,0,0,3.0,121.6788815519296,20251209-172040,0.0,0.0
175.16840046879432,175168400.46879432,-108.5008059480704,0.0,0,0,3.0,121.6788815519296,20251209-172040,0.0,0.0
175.16840046879432,175168400.46879432,-108.5008059480704,0.0,0,0,2.9,121.6788815519296,20251209-172040,0.0,-0.15625
175.16840046879432,175168400.46879432,-105.6883059480704,0.0,0,0,2.9,121.6788815519296,20251209-172040,0.0,-0.859375
175.16840046879432,175168400.46879432,-99.6883059480704,0.0,0,0,2.9,121.6788815519296,20251209-172040,0.0,-0.999969482421875
175.16840046879432,175168400.46879432,-93.6883059480704,0.0,0,0,2.8,121.6788815519296,20251209-172040,0.0,-0.999969482421875
175.16840046879432,175168400.46879432,-87.6883059480704,0.0,0,0,2.8,121.6788815519296,20251209-172040,0.0,-0.68359375
175.16840046879432,175168400.46879432,-81.6883059480704,0.0,0,0,2.8,121.6788815519296,20251209-172040,0.0,0.0
175.16840046879432,175168400.46879432,-81.6883059480704,0.0,0,0,2.7,121.6788815519296,20251209-172040,0.0,0.0
175.16840046879432,175168400.46879432,-81.6883059480704,0.0,0,0,2.7,121.6788815519296,20251209-172040,0.0,0.0
175.16840046879432,175168400.46879432,-81.6883059480704,0.0,0,0,2.7,121.6788815519296,20251209-172040,0.0,0.0
175.16840046879432,175168400.46879432,-81.6883059480704,0.0,0,0,2.7,121.6788815519296,20251209-172040,0.0,0.0
175.16840046879432,175168400.46879432,-81.6883059480704,0.0,0,0,2.7,121.6788815519296,20251209-172040,0.0,0.0
175.16840046879432,175168400.46879432,-81.6883059480704,0.0,0,0,2.7,121.6788815519296,20251209-172040,0.0,0.0
175.16840046879432,175168400.46879432,-81.6883059480704,0.0,0,0,2.7,121.6788815519296,20251209-172040,0.0,0.0
175.16840046879432,175168400.46879432,-81.6883059480704,0.0,0,0,2.7,121.6788815519296,20251209-172040,0.0,0.0
175.16840046879432,175168400.46879432,-81.6883059480704,0.0,0,0,2.7,121.6788815519296,20251209-172040,0.0,0.0
175.16840046879432,175168400.46879432,-81.6883059480704,0.0,0,0,2.7,121.6788815519296,20251209-172040,0.0,0.0
175.16840046879432,175168400.46879432,-81.6883059480704,0.0,0,0,2.9,121.6788815519296,20251209-172040,0.0,0.0
175.16840046879432,175168400.46879432,-81.6883059480704,0.0,0,0,2.9,121.6788815519296,20251209-172040,0.0,0.0
175.16840046879432,175168400.46879432,-81.6883059480704,0.0,0,0,2.9,121.6788815519296,20251209-172040,0.0,0.0
175.16840046879432,175168400.46879432,-81.6883059480704,0.0,0,0,2.8,121.6788815519296,20251209-172040,0.0,0.0
175.16840046879432,175168400.46879432,-81.6883059480704,0.0,0,0,2.8,121.6788815519296,20251209-172040,0.0,0.0
175.16840046879432,175168400.46879432,-81.6883059480704,0.0,0,0,2.8,121.6788815519296,20251209-172040,0.0,0.0
175.16840046879432,175168400.46879432,-81.6883059480704,0.0,0,0,2.7,121.6788815519296,20251209-172040,0.0,0.0
175.16840046879432,175168400.46879432,-81.6883059480704,0.0,0,0,2.7,121.6788815519296,20251209-172040,0.0,0.0
175.16840046879432,175168400.46879432,-81.6883059480704,0.0,0,0,2.7,121.6788815519296,20251209-172040,0.0,0.0
175.16840046879432,175168400.46879432,-81.6883059480704,0.0,0,0,2.7,121.6788815519296,20251209-172040,0.0,0.0
175.16840046879432,175168400.46879432,-81.6883059480704,0.0,0,0,2.7,121.6788815519296,20251209-172040,0.0,0.0
175.16840046879432,175168400.46879432,-81.6883059480704,0.0,0,0,2.7,121.6788815519296,20251209-172040,0.0,0.0
175.16840046879432,175168400.46879432,-81.6883059480704,0.0,0,0,2.7,121.6788815519296,20251209-172040,0.0,0.0
175.16840046879432,175168400.46879432,-81.6883059480704,0.0,0,0,2.7,121.6788815519296,20251209-172040,0.28515625,0.0
175.16955824264647,2521.2530026526,-81.68571420425693,0.06947718378851757,0,0,2.7,121.68147329574307,20251209-172040,0.8828125,0.32421875
175.16498528023635,1049.059784606453,-87.54159784227775,-0.16697331062590318,0,0,2.7,121.66152715772225,20251209-172040,0.9296875,0.36328125
175.1683297080077,333.1846224641232,-93.60832115054298,0.5257395386753467,0,0,2.7,121.59480384945702,20251209-172040,0.87109375,0.484375
175.2095451437837,83.92189671005436,-99.7203986956433,2.0877691283494615,0,0,2.7,121.4827263043567,20251209-172040,0.734375,0.67578125
175.31255138302808,41.829657750277434,-105.86741801862522,4.191106521350042,0,0,2.7,121.33570698137478,20251209-172040,0.61328125,0.7890625
175.48999079702924,26.93756653184314,-112.03561903133051,6.514693544778106,0,0,2.7,121.16750596866949,20251209-172040,0.53125,0.84375
175.7459471358267,19.805085738156603,-118.21337342313464,8.873778657632037,0,0,2.7,120.98975157686536,20251209-172040,0.4765625,0.87890625
176.07966264537072,15.777866134643105,-124.39194324145875,11.159916121911857,0,0,2.7,120.81118175854125,20251209-172040,0.45703125,0.8828125
176.4888804013097,13.17779282946439,-130.56528081333664,13.392901427824546,0,0,2.7,120.63784418666334,20251209-172040,0.4296875,0.8984375
176.969832928136,11.452757371131884,-136.728663941938,15.452159440154622,0,0,2.7,120.47446105806199,20251209-172040,0.40625,0.91015625
177.51570795825052,10.27374036548057,-142.87771252509702,17.278586147134636,0,0,2.7,120.32541247490296,20251209-172040,0.3671875,0.68359375
178.11594864127264,9.523014870021399,-149.0084317705805,18.70373522170846,0,0,2.7,120.1946932294195,20251209-172040,0.0,-0.2734375
178.6862404275992,11.502383023564926,-144.20704594443492,15.534714855306486,0,0,2.7,120.07420405556508,20251209-172040,-0.1953125,-0.96875
179.13063029295745,16.002342392339617,-138.32071332198709,11.194025593322385,0,0,2.7,119.96053667801291,20251209-172040,-0.16015625,-0.98046875
179.44062681091125,23.980560950337054,-132.41800370782917,7.482753517840005,0,0,2.7,119.86324629217083,20251209-172040,0.0,-0.98828125
179.64788190686315,35.84311381904284,-126.497967051106,5.012061251537228,0,0,2.7,119.783282948894,20251209-172040,0.0,-0.999969482421875
179.77906974578514,61.38715283413734,-120.56063990357677,2.9286106529737954,0,0,2.7,119.72061009642323,20251209-172040,0.0,-0.999969482421875
179.8480435064435,139.66046529591935,-114.60217910092399,1.2877520000049603,0,0,2.7,119.67907089907601,20251209-172040,0.0,-0.999969482421875
179.8703600705034,1320.7495963610031,-108.6194540944659,0.13618808634588375,0,0,2.7,119.6617959055341,20251209-172040,0.2421875,-0.96484375
179.87149001401912,179871490.01401913,-102.62059103082261,0.0,0,0,2.7,119.66065896917739,20251209-172040,0.41015625,-0.90234375
179.87268360225352,3263.5434761152183,-96.62309855121742,0.055115761416595625,0,0,2.7,119.65815144878258,20251209-172040,0.6171875,-0.77734375
179.8752714065882,6341.435035963356,-90.63910840608838,0.02836507358137156,0,0,2.7,119.64214159391162,20251209-172040,0.78515625,-0.609375
179.8685608995742,329.2743437476044,-84.68383908709508,-0.546257442509542,0,0,2.7,119.59741091290492,20251209-172040,0.87890625,-0.46875
179.82935678440495,92.61747595203975,-78.7670978996507,-1.9416352576648304,0,0,2.7,119.5141521003493,20251209-172040,0.890625,-0.44140625
179.72990894388818,43.239862891502554,-72.89104380010997,-4.156579066748347,0,0,2.7,119.39020619989003,20251209-172040,0.890625,-0.44140625
179.54380656698032,25.177538660841957,-67.05275280450657,-7.131110351395097,0,0,2.7,119.22849719549343,20251209-172040,0.890625,-0.44140625
179.2467833713947,16.597114998421638,-61.24766757704684,-10.799875965698908,0,0,2.7,119.03358242295316,20251209-172040,0.8515625,-0.515625
178.81964183152985,11.988363326674094,-55.46881850124029,-14.916101302473571,0,0,2.7,118.81243149875971,20251209-172040,0.453125,-0.4375
178.2785644269999,10.162249976731626,-49.69564672636301,-17.5432177751189,0,0,2.7,118.58560327363698,20251209-172040,0.0,0.0
177.7237482886726,11.28448186097761,-49.90698504676345,-15.74939376731612,0,0,2.7,118.37426495323655,20251209-172040,0.0,0.0
177.2283727658045,12.68049684023527,-50.097591980113066,-13.976453367620275,0,0,2.7,118.18365801988695,20251209-172040,0.0,0.0
176.79177502023038,14.464590212544769,-50.267104148568876,-12.222383933621805,0,0,2.7,118.01414585143112,20251209-172040,0.0,0.0
176.41336082134657,16.825175046304526,-50.41519780550914,-10.485083236034084,0,0,2.7,117.86605219449088,20251209-172040,0.0,0.0
176.0926073712343,20.096460574860956,-50.54158969112291,-8.762369210004666,0,0,2.7,117.7396603088771,20251209-172040,0.0,0.0
175.8290657966154,24.933254477330557,-50.64603776480027,-7.051990182688749,0,0,2.7,117.63521223519975,20251209-172040,0.15234375,0.0
175.6100419079306,28.834296997869195,-50.73325859317231,-6.090318134716719,0,0,2.7,117.54799140682769,20251209-172040,0.16015625,0.0
175.4223594876412,33.92195215845208,-50.808301592105806,-5.1713521282097705,0,0,2.7,117.47294840789421,20251209-172040,0.0,0.0
175.27815562643585,50.33949603821626,-50.866151496466216,-3.4819211438543176,0,0,2.7,117.4150985035338,20251209-172040,0.0,0.0
175.19017538994342,97.46154464285334,-50.90152843308857,-1.7975312830504144,0,0,2.7,117.37972156691144,20251209-172040,0.0,0.0
175.15829119192003,1513.2150349159779,-50.914364515432226,-0.11575241267784905,0,0,2.7,117.36688548456776,20251209-172040,0.0,0.0
175.1581583706244,175158158.3706244,-50.914418004400375,0.0,0,0,2.7,117.36683199559964,20251209-172040,0.0,0.0
175.1581583706244,175158158.3706244,-50.914418004400375,0.0,0,0,2.7,117.36683199559964,20251209-172040,0.0,0.0
175.1581583706244,175158158.3706244,-50.914418004400375,0.0,0,0,2.7,117.36683199559964,20251209-172040,0.0,0.0
175.1581583706244,175158158.3706244,-50.914418004400375,0.0,0,0,2.7,117.36683199559964,20251209-172040,0.0,0.0
175.1581583706244,175158158.3706244,-50.914418004400375,0.0,0,0,2.7,117.36683199559964,20251209-172040,0.0,0.0
175.1581583706244,175158158.3706244,-50.914418004400375,0.0,0,0,2.7,117.36683199559964,20251209-172040,0.0,0.0
175.1581583706244,175158158.3706244,-50.914418004400375,0.0,0,0,2.7,117.36683199559964,20251209-172040,0.0,0.0
175.1581583706244,175158158.3706244,-50.914418004400375,0.0,0,0,2.7,117.36683199559964,20251209-172040,0.0,0.0
175.1581583706244,175158158.3706244,-50.914418004400375,0.0,0,0,2.7,117.36683199559964,20251209-172040,0.0,0.0
175.1581583706244,175158158.3706244,-50.914418004400375,0.0,0,0,2.7,117.36683199559964,20251209-172040,0.265625,0.6171875
175.16419411935138,509.1226909895061,-56.911607476535806,0.3440510454933972,0,0,2.7,117.3696425234642,20251209-172040,0.38671875,0.9140625
175.16294029683513,1452.6547226632242,-62.91240707396787,-0.12058126240466846,0,0,2.7,117.36884292603213,20251209-172040,0.390625,0.9140625
175.15719601530478,821.2039727382828,-68.9166869433807,-0.21329316689889818,0,0,2.7,117.3645630566193,20251209-172040,0.421875,0.90234375
175.14828748823362,580.2530089584864,-74.92578802345247,-0.3018481331145746,0,0,2.7,117.35546197654753,20251209-172040,0.50390625,0.859375
175.1363783012194,472.05446246212176,-80.94456024380924,-0.371008839504981,0,0,2.7,117.33668975619076,20251209-172040,0.6171875,0.78125
175.1250972214511,751.971837993502,-86.98132609691847,-0.23288784017329703,0,0,2.7,117.29992390308153,20251209-172040,0.6640625,0.74609375
175.12584171937638,481.8601284622307,-93.04274702919231,0.36343708760104054,0,0,2.7,117.23850297080769,20251209-172040,0.70703125,0.703125
175.15569415935414,114.95379682776299,-99.13185094523325,1.5237051667096526,0,0,2.7,117.14939905476675,20251209-172040,0.75390625,0.65234375
175.2350820854359,52.397835134975836,-105.25062128551326,3.344319123758331,0,0,2.7,117.03062871448674,20251209-172040,0.81640625,0.57421875
175.38807965406357,29.47704742399993,-111.40050456289094,5.949988040907526,0,0,2.7,116.88074543710906,20251209-172040,0.91015625,0.41015625
175.64422731631316,18.398449398596348,-117.5830682309633,9.54668643596201,0,0,2.7,116.6981817690367,20251209-172040,0.9609375,0.26953125
176.02921709015925,12.887060249210032,-122.65017639765772,13.659377211412489,0,0,2.7,116.48263610234228,20251209-172040,0.98828125,0.16015625
176.55030663393214,9.989011965802113,-125.7816470599877,17.67445141104656,0,0,2.7,116.2339779400123,20251209-172040,1,0.0
177.1903901230753,8.543235983620292,-126.0678291574655,20.74043026117943,0,0,2.7,115.9477958425345,20251209-172040,1,0.0
177.93370354121194,7.454427848958007,-126.3951675742228,23.86953192740122,0,0,2.7,115.6204574257772,20251209-172040,0.99609375,0.0
178.78217774875645,6.609031913774051,-126.7624580077599,27.05118995962964,0,0,2.7,115.2531669922401,20251209-172040,0.9921875,0.0
179.7376692228605,5.933589660795039,-127.1682435360231,30.291556966003196,0,0,2.7,114.8473814639769,20251209-172040,0.98046875,-0.1875
180.7594915051349,5.8414207856960285,-124.24557594451667,30.94443939867562,0,0,2.7,114.39504905548333,20251209-172040,0.97265625,-0.23046875
181.78414125293526,5.972511185356922,-120.60751468090105,30.43680214423436,0,0,2.7,113.88467281909895,20251209-172040,0.9453125,-0.31640625
182.75545868150152,6.599195821512662,-115.48615383852002,27.69359534471436,0,0,2.7,113.31072116147998,20251209-172040,0.90234375,-0.41796875
183.61294444555745,7.777902352479061,-110.12499775366464,23.60700046421054,0,0,2.7,112.67187724633536,20251209-172040,0.8828125,-0.46484375
184.31878897450352,9.907351822957374,-104.82452234600852,18.604243825014766,0,0,2.7,111.97235265399148,20251209-172040,0.87890625,-0.46875
183.2102509436102,3.9832946194196985,-53.200912706769685,-45.9946522786459,0,0,2.7,157.59596229323031,20251209-172040,0.87890625,-0.46875
181.53956108887263,3.3449074033146724,-47.8374764930887,-54.27341902169669,0,0,2.7,156.9593985069113,20251209-172040,0.87890625,-0.46875
179.59085850483476,2.8662663241833055,-42.45848974441574,-62.6567241814161,0,0,2.7,156.33838525558426,20251209-172040,0.875,-0.4765625
177.36296089968118,2.49791234137218,-37.052951365752875,-71.00447760398599,0,0,2.7,155.74392363424712,20251209-172040,0.875,-0.48046875
174.85877748967118,2.2074691286306707,-31.60888531581395,-79.21233199675093,0,0,2.7,155.18798968418605,20251209-172040,0.875,-0.47265625
172.08518181558105,1.9746780387760219,-26.11333468564203,-87.14594401538277,0,0,2.7,154.68354031435797,20251209-172040,0.89453125,-0.44140625
169.05140194406053,1.7832443489801577,-20.552465812226274,-94.79990896409765,0,0,2.7,154.24440918777373,20251209-172040,0.92578125,-0.36328125
165.7676835138082,1.623321348582985,-14.911357721451822,-102.11637003265474,0,0,2.7,153.88551727854818,20251209-172040,0.953125,-0.30078125
162.2520267858366,1.4924236401340214,-9.765507130201684,-108.71713796443628,0,0,2.7,153.61730536979832,20251209-172040,0.96875,-0.2421875
158.52991383210784,1.3841812175720443,-5.58495777374668,-114.5297391841373,0,0,2.7,153.43847972625332,20251209-172040,0.96875,-0.234375
154.6229121408197,1.2906985562648299,-1.4537791440898502,-119.79785007917344,0,0,2.7,153.35090835591015,20251209-172040,0.96875,-0.234375
150.55022991708935,1.2097257861399255,2.783077353120831,-124.44988082586481,0,0,2.7,153.36901485312083,20251209-172040,0.96875,-0.234375
146.33456586018804,1.140093226359308,7.143512319544612,-128.3531578619078,0,0,2.7,153.5106998195446,20251209-172040,0.96875,-0.234375
142.00334972833593,1.081057515955459,11.647476925830887,-131.35596176197038,0,0,2.7,153.7959144258309,20251209-172040,0.97265625,-0.2265625
137.58750730848575,1.0313139915912397,16.174257062233067,-133.40991049311626,0,0,2.7,154.24456956223307,20251209-172040,0.98046875,-0.1796875
133.11032768951304,0.9855341169056303,20.028486482392765,-135.06414989209247,0,0,2.7,154.86442398239276,20251209-172040,0.9921875,0.0
128.54167432896924,0.9245453367755815,20.77261112532841,-139.03231049465631,0,0,2.7,155.6085486253284,20251209-172040,1,0.0
123.84224801519386,0.8666021386399971,21.599614164973048,-142.9055416474575,0,0,2.7,156.43555166497305,20251209-172040,1,0.0
119.0166822836057,0.8118768197955438,22.522347684543746,-146.59450717361022,0,0,2.7,157.35828518454375,20251209-172040,0.9921875,0.0
114.07270588401614,0.7604720199027396,23.555993185635998,-150.00250225985363,0,0,2.7,158.391930685636,20251209-172040,0.9921875,0.0
109.01960791780373,0.711933902682248,24.719028972398007,-153.13164256831524,0,0,2.7,159.554966472398,20251209-172040,1,0.0
103.86690041777695,0.6659609082689691,26.03458603557837,-155.96546152800167,0,0,2.7,160.87052353557837,20251209-172040,0.89453125,-0.4375
98.79082065084812,0.6678404104210571,33.68298084877395,-147.92579051717297,0,0,2.7,162.51891834877395,20251209-172040,0.77734375,-0.62109375
94.0653022856393,0.697537061936308,41.85913368665368,-134.85348294543866,0,0,2.7,164.69507118665368,20251209-172040,0.74609375,-0.66015625
89.85620261928835,0.7688407787817466,50.59676314105124,-116.87231621827922,0,0,2.7,167.43270064105124,20251209-172040,0.74609375,-0.66015625
86.32986535177749,0.9197796509875449,59.90295524923377,-93.85929038448201,0,0,2.7,170.73889274923377,20251209-172040,0.74609375,-0.66015625
83.6543990478756,1.2699497899053431,69.73948996805834,-65.87220984076139,0,0,2.7,174.57542746805834,20251209-172040,0.7421875,-0.66015625
81.98704182748868,2.4448986256297505,80.0069224718265,-33.533922825274885,0,0,2.7,178.8428599718265,20251209-172040,0.6875,-0.6953125
81.4531130849583,44.345705531781036,90.53735325848243,1.8367756721467352,0,0,2.7,-176.62670924151755,20251209-172040,0.28125,-0.21875
81.99706467925452,2.6744370917770905,99.03017331790602,30.659560073918097,0,0,2.7,-172.07138918209398,20251209-172040,0.0,0.0
83.25740220445485,1.8605470683663201,103.42970465461065,44.748882530319534,0,0,2.7,-167.67185784538938,20251209-172040,0.0,0.0
81.10698722435465,0.43978587577525063,-13.923969994660695,-184.42381097705783,0,0,2.7,74.97446750533929,20251209-172040,0.0,0.0
75.01793198737937,0.4147178950412017,-15.079907221621738,-180.88906431184125,0,0,2.7,73.81853027837825,20251209-172040,0.0,0.0
69.05005485289347,0.3897980343603057,-16.418524846469097,-177.14315816448624,0,0,2.7,72.47991265353092,20251209-172040,0.0,0.0
63.211521514193606,0.3651434676740928,-17.98444159098824,-173.11420608683264,0,0,2.7,70.91399590901175,20251209-172040,0.0,0.0
57.51338858804944,0.3409243802241185,-19.83721455816044,-168.69837396269816,0,0,2.7,69.06122294183957,20251209-172040,0.0,-0.46875
51.865486520379264,0.30499764322208783,-15.736138084095245,-170.05208949307442,0,0,2.7,67.16229941590476,20251209-172040,0.0,-0.36328125
46.18537111503885,0.27611654297964655,-11.335049240560807,-167.26767116754507,0,0,2.9,65.56338825943921,20251209-172040,0.0,0.0
40.66719450559576,0.2483130566117774,-12.82961735145767,-163.7738871265899,0,0,2.9,64.06882014854231,20251209-172040,0.0,0.0
35.27130734841981,0.2205853883888104,-14.754729604724389,-159.89865696022235,0,0,2.9,62.143707895275625,20251209-172040,0.0,0.0
30.014415007693422,0.19317613988110413,-17.320257869464513,-155.37330348440892,0,0,2.9,59.57817963053547,20251209-172040,0.0,0.0
25.004216538547716,7.0976337457185945,-21.151417838299807,3.522894732858068,0,0,2.8,55.74701966170019,20251209-172040,0.0,0.0
25.121718552421136,7.122251307051304,-21.01406111811042,3.5272159699770302,0,0,2.7,55.884376381889595,20251209-172040,0.0,0.0
25.23936360045757,7.146971054244327,-20.8779841088801,3.5314769584058725,0,0,2.7,56.020453391119894,20251209-172040,0.0,0.0
25.357149691826756,7.171791200692624,-20.7431705233831,3.5356787422056932,0,0,2.7,56.1552669766169,20251209-172040,0.0,0.0
