episode,total_episodes,scenario,reward,hits,deaths,steps,std,log_std_0,log_std_1,entropy,ratio,total_loss,policy_loss,value_loss,skipped,ppo_update_count,pool_episodes,adv_std_spread,learning_rate,policy_frozen,det_train_avg,det_all_avg,det_total_hits,det_total_deaths,best_reward_so_far
1,5000,spiral_arms,294.929530,44,3,226,0.367879,-1.000000,-1.000000,0.000000,1.000000,0.000000,0.000000,0.000000,0,0,0,0.000000,0.0000500000,0,,,,,-inf
2,5000,asteroid_rain,183.133683,28,3,269,0.367879,-1.000000,-1.000000,0.000000,1.000000,0.000000,0.000000,0.000000,0,0,0,0.000000,0.0000500000,0,,,,,-inf
3,5000,vertical_wall_left,204.550404,31,3,351,0.367879,-1.000000,-1.000000,0.000000,1.000000,0.000000,0.000000,0.000000,0,0,0,0.000000,0.0000500000,0,,,,,-inf
4,5000,vertical_wall_left,107.353062,17,3,247,0.367879,-1.000000,-1.000000,0.000000,1.000000,0.000000,0.000000,0.000000,0,0,0,0.000000,0.0000500000,0,,,,,-inf
5,5000,donut_ring,438.250250,65,0,1801,0.367879,-1.000000,-1.000000,0.000000,1.000000,0.000000,0.000000,0.000000,0,0,0,0.000000,0.0000500000,0,,,,,-inf
6,5000,vertical_wall_left,100.194670,16,3,85,0.367879,-1.000000,-1.000000,0.000000,1.000000,0.000000,0.000000,0.000000,0,0,0,0.000000,0.0000500000,0,,,,,-inf
7,5000,crossing_lanes,256.041105,42,9,308,0.367879,-1.000000,-1.000000,0.000000,1.000000,0.000000,0.000000,0.000000,0,0,0,0.000000,0.0000500000,0,,,,,-inf
8,5000,donut_ring,527.578523,78,1,1801,0.367879,-1.000000,-1.000000,0.000000,1.000000,0.000000,0.000000,0.000000,0,0,0,0.000000,0.0000500000,0,,,,,-inf
9,5000,asteroid_rain,378.116318,56,3,750,0.358732,-1.025180,-1.025180,0.837877,1.000020,6.171457,0.118059,6.061776,0,1,9,2.869250,0.0000500000,0,,,,,-inf
10,5000,four_corner,272.982934,40,0,2101,0.358732,-1.025180,-1.025180,0.000000,1.000000,0.000000,0.000000,0.000000,0,1,0,0.000000,0.0000250000,0,302.370852,301.760859,368,24,302.370852
11,5000,vertical_wall_left,176.902290,27,3,160,0.358732,-1.025180,-1.025180,0.000000,1.000000,0.000000,0.000000,0.000000,0,1,0,0.000000,0.0000250000,0,,,,,302.370852
12,5000,asteroid_rain,43.417565,8,3,130,0.358732,-1.025180,-1.025180,0.000000,1.000000,0.000000,0.000000,0.000000,0,1,0,0.000000,0.0000250000,0,,,,,302.370852
13,5000,vertical_wall_left,294.866913,44,3,548,0.358732,-1.025180,-1.025180,0.000000,1.000000,0.000000,0.000000,0.000000,0,1,0,0.000000,0.0000250000,0,,,,,302.370852
14,5000,stock,217.781266,33,3,263,0.358732,-1.025180,-1.025180,0.000000,1.000000,0.000000,0.000000,0.000000,0,1,0,0.000000,0.0000250000,0,,,,,302.370852
15,5000,asteroid_rain,253.161324,38,3,297,0.358732,-1.025180,-1.025180,0.000000,1.000000,0.000000,0.000000,0.000000,0,1,0,0.000000,0.0000250000,0,,,,,302.370852
16,5000,four_corner,496.353487,73,2,2101,0.358732,-1.025180,-1.025180,0.000000,1.000000,0.000000,0.000000,0.000000,0,1,0,0.000000,0.0000250000,0,,,,,302.370852
17,5000,donut_ring,356.420918,53,0,1801,0.358732,-1.025180,-1.025180,0.000000,1.000000,0.000000,0.000000,0.000000,0,1,0,0.000000,0.0000250000,0,,,,,302.370852
18,5000,crossing_lanes,735.603739,111,9,965,0.351957,-1.044245,-1.044245,0.787517,1.000020,3.452103,0.147621,3.312357,0,2,9,6.983193,0.0000250000,0,,,,,302.370852
19,5000,vertical_wall_left,135.898853,21,3,238,0.351957,-1.044245,-1.044245,0.000000,1.000000,0.000000,0.000000,0.000000,0,2,0,0.000000,0.0000250000,0,,,,,302.370852
20,5000,four_corner,362.379395,55,3,1777,0.351957,-1.044245,-1.044245,0.000000,1.000000,0.000000,0.000000,0.000000,0,2,0,0.000000,0.0000250000,0,298.812968,266.622789,326,23,302.370852
21,5000,four_corner,344.627489,50,0,2101,0.351957,-1.044245,-1.044245,0.000000,1.000000,0.000000,0.000000,0.000000,0,2,0,0.000000,0.0000250000,0,,,,,302.370852
22,5000,donut_ring,475.109673,70,0,1801,0.351957,-1.044245,-1.044245,0.000000,1.000000,0.000000,0.000000,0.000000,0,2,0,0.000000,0.0000250000,0,,,,,302.370852
23,5000,donut_ring,425.749559,63,0,1801,0.351957,-1.044245,-1.044245,0.000000,1.000000,0.000000,0.000000,0.000000,0,2,0,0.000000,0.0000250000,0,,,,,302.370852
24,5000,stock,189.847114,29,3,234,0.351957,-1.044245,-1.044245,0.000000,1.000000,0.000000,0.000000,0.000000,0,2,0,0.000000,0.0000250000,0,,,,,302.370852
25,5000,spiral_arms,127.399499,20,3,92,0.351957,-1.044245,-1.044245,0.000000,1.000000,0.000000,0.000000,0.000000,0,2,0,0.000000,0.0000250000,0,,,,,302.370852
26,5000,stock,329.419042,49,3,280,0.351957,-1.044245,-1.044245,0.000000,1.000000,0.000000,0.000000,0.000000,0,2,0,0.000000,0.0000250000,0,,,,,302.370852
27,5000,spiral_arms,120.470335,19,3,88,0.351957,-1.044245,-1.044245,0.000000,1.000000,0.000000,0.000000,0.000000,0,2,0,0.000000,0.0000250000,0,,,,,302.370852
28,5000,crossing_lanes,220.844129,37,9,321,0.346898,-1.058724,-1.058724,0.749387,1.000011,5.381020,0.122801,5.265714,0,3,10,2.455264,0.0000500000,0,,,,,302.370852
29,5000,vertical_wall_left,204.190876,31,3,283,0.346898,-1.058724,-1.058724,0.000000,1.000000,0.000000,0.000000,0.000000,0,3,0,0.000000,0.0000500000,0,,,,,302.370852
30,5000,asteroid_rain,314.246640,47,3,454,0.346898,-1.058724,-1.058724,0.000000,1.000000,0.000000,0.000000,0.000000,0,3,0,0.000000,0.0000500000,0,291.629501,260.331878,318,22,302.370852
31,5000,spiral_arms,217.696923,33,3,154,0.346898,-1.058724,-1.058724,0.000000,1.000000,0.000000,0.000000,0.000000,0,3,0,0.000000,0.0000500000,0,,,,,302.370852
32,5000,asteroid_rain,267.659458,40,3,312,0.346898,-1.058724,-1.058724,0.000000,1.000000,0.000000,0.000000,0.000000,0,3,0,0.000000,0.0000500000,0,,,,,302.370852
33,5000,four_corner,312.092398,48,2,2101,0.346898,-1.058724,-1.058724,0.000000,1.000000,0.000000,0.000000,0.000000,0,3,0,0.000000,0.0000500000,0,,,,,302.370852
34,5000,crossing_lanes,326.167822,52,9,384,0.346898,-1.058724,-1.058724,0.000000,1.000000,0.000000,0.000000,0.000000,0,3,0,0.000000,0.0000500000,0,,,,,302.370852
35,5000,stock,294.400337,44,3,275,0.346898,-1.058724,-1.058724,0.000000,1.000000,0.000000,0.000000,0.000000,0,3,0,0.000000,0.0000500000,0,,,,,302.370852
36,5000,stock,371.240839,55,3,314,0.346898,-1.058724,-1.058724,0.000000,1.000000,0.000000,0.000000,0.000000,0,3,0,0.000000,0.0000500000,0,,,,,302.370852
37,5000,spiral_arms,259.951583,39,3,204,0.343090,-1.069763,-1.069763,0.720429,1.000042,9.535072,0.122686,9.419590,0,4,9,2.806590,0.0000500000,0,,,,,302.370852
38,5000,stock,238.443629,36,3,267,0.343090,-1.069763,-1.069763,0.000000,1.000000,0.000000,0.000000,0.000000,0,4,0,0.000000,0.0000500000,0,,,,,302.370852
39,5000,four_corner,273.396230,40,0,2101,0.343090,-1.069763,-1.069763,0.000000,1.000000,0.000000,0.000000,0.000000,0,4,0,0.000000,0.0000500000,0,,,,,302.370852
40,5000,stock,301.692062,45,3,270,0.343090,-1.069763,-1.069763,0.000000,1.000000,0.000000,0.000000,0.000000,0,4,0,0.000000,0.0000500000,0,296.107249,264.306839,325,25,302.370852
41,5000,spiral_arms,120.420718,19,3,95,0.343090,-1.069763,-1.069763,0.000000,1.000000,0.000000,0.000000,0.000000,0,4,0,0.000000,0.0000500000,0,,,,,302.370852
42,5000,donut_ring,524.133195,77,1,1801,0.343090,-1.069763,-1.069763,0.000000,1.000000,0.000000,0.000000,0.000000,0,4,0,0.000000,0.0000500000,0,,,,,302.370852
43,5000,asteroid_rain,148.452205,23,3,152,0.343090,-1.069763,-1.069763,0.000000,1.000000,0.000000,0.000000,0.000000,0,4,0,0.000000,0.0000500000,0,,,,,302.370852
44,5000,donut_ring,412.502873,61,0,1801,0.343090,-1.069763,-1.069763,0.000000,1.000000,0.000000,0.000000,0.000000,0,4,0,0.000000,0.0000500000,0,,,,,302.370852
45,5000,asteroid_rain,448.966204,66,3,644,0.343090,-1.069763,-1.069763,0.000000,1.000000,0.000000,0.000000,0.000000,0,4,0,0.000000,0.0000500000,0,,,,,302.370852
46,5000,vertical_wall_left,114.031081,18,3,80,0.343090,-1.069763,-1.069763,0.000000,1.000000,0.000000,0.000000,0.000000,0,4,0,0.000000,0.0000500000,0,,,,,302.370852
47,5000,donut_ring,272.132769,41,0,1801,0.340200,-1.078223,-1.078223,0.698350,1.000116,6.299225,0.111504,6.194705,0,5,10,2.846083,0.0000500000,0,,,,,302.370852
48,5000,four_corner,478.251361,69,0,2101,0.340200,-1.078223,-1.078223,0.000000,1.000000,0.000000,0.000000,0.000000,0,5,0,0.000000,0.0000500000,0,,,,,302.370852
49,5000,donut_ring,387.979146,57,0,1801,0.340200,-1.078223,-1.078223,0.000000,1.000000,0.000000,0.000000,0.000000,0,5,0,0.000000,0.0000500000,0,,,,,302.370852
50,5000,stock,329.547798,49,3,278,0.340200,-1.078223,-1.078223,0.000000,1.000000,0.000000,0.000000,0.000000,0,5,0,0.000000,0.0000500000,0,269.236168,240.771338,298,22,302.370852
51,5000,stock,350.416606,52,3,282,0.340200,-1.078223,-1.078223,0.000000,1.000000,0.000000,0.000000,0.000000,0,5,0,0.000000,0.0000500000,0,,,,,302.370852
52,5000,stock,280.480774,42,3,263,0.340200,-1.078223,-1.078223,0.000000,1.000000,0.000000,0.000000,0.000000,0,5,0,0.000000,0.0000500000,0,,,,,302.370852
53,5000,crossing_lanes,782.388197,118,9,1228,0.340200,-1.078223,-1.078223,0.000000,1.000000,0.000000,0.000000,0.000000,0,5,0,0.000000,0.0000500000,0,,,,,302.370852
54,5000,vertical_wall_left,86.241698,14,3,76,0.340200,-1.078223,-1.078223,0.000000,1.000000,0.000000,0.000000,0.000000,0,5,0,0.000000,0.0000500000,0,,,,,302.370852
55,5000,donut_ring,174.973635,27,0,1801,0.340200,-1.078223,-1.078223,0.000000,1.000000,0.000000,0.000000,0.000000,0,5,0,0.000000,0.0000500000,0,,,,,302.370852
56,5000,asteroid_rain,43.393198,8,3,129,0.340200,-1.078223,-1.078223,0.000000,1.000000,0.000000,0.000000,0.000000,0,5,0,0.000000,0.0000500000,0,,,,,302.370852
57,5000,stock,330.148312,49,3,298,0.337987,-1.084748,-1.084748,0.681431,1.000072,5.616778,0.139520,5.484072,0,6,10,6.756879,0.0000500000,0,,,,,302.370852
58,5000,asteroid_rain,195.456821,30,3,419,0.337987,-1.084748,-1.084748,0.000000,1.000000,0.000000,0.000000,0.000000,0,6,0,0.000000,0.0000500000,0,,,,,302.370852
59,5000,vertical_wall_left,191.520910,29,3,302,0.337987,-1.084748,-1.084748,0.000000,1.000000,0.000000,0.000000,0.000000,0,6,0,0.000000,0.0000500000,0,,,,,302.370852
60,5000,four_corner,522.099046,77,3,1343,0.337987,-1.084748,-1.084748,0.000000,1.000000,0.000000,0.000000,0.000000,0,6,0,0.000000,0.0000500000,0,253.036728,226.409627,283,26,302.370852
61,5000,vertical_wall_left,121.096112,19,3,131,0.337987,-1.084748,-1.084748,0.000000,1.000000,0.000000,0.000000,0.000000,0,6,0,0.000000,0.0000500000,0,,,,,302.370852
62,5000,vertical_wall_left,197.946620,30,3,303,0.337987,-1.084748,-1.084748,0.000000,1.000000,0.000000,0.000000,0.000000,0,6,0,0.000000,0.0000500000,0,,,,,302.370852
63,5000,vertical_wall_left,198.480905,30,3,439,0.337987,-1.084748,-1.084748,0.000000,1.000000,0.000000,0.000000,0.000000,0,6,0,0.000000,0.0000500000,0,,,,,302.370852
64,5000,four_corner,581.232775,86,3,1670,0.337987,-1.084748,-1.084748,0.000000,1.000000,0.000000,0.000000,0.000000,0,6,0,0.000000,0.0000500000,0,,,,,302.370852
65,5000,asteroid_rain,203.931704,31,3,291,0.337987,-1.084748,-1.084748,0.000000,1.000000,0.000000,0.000000,0.000000,0,6,0,0.000000,0.0000500000,0,,,,,302.370852
66,5000,four_corner,565.118230,83,2,2101,0.337987,-1.084748,-1.084748,0.000000,1.000000,0.000000,0.000000,0.000000,0,6,0,0.000000,0.0000500000,0,,,,,302.370852
67,5000,stock,217.672105,33,3,263,0.336277,-1.089821,-1.089821,0.668382,0.999953,3.865983,0.169241,3.703426,0,7,10,1.573207,0.0000500000,0,,,,,302.370852
68,5000,stock,378.628996,56,3,304,0.336277,-1.089821,-1.089821,0.000000,1.000000,0.000000,0.000000,0.000000,0,7,0,0.000000,0.0000500000,0,,,,,302.370852
69,5000,four_corner,447.497538,65,1,2101,0.336277,-1.089821,-1.089821,0.000000,1.000000,0.000000,0.000000,0.000000,0,7,0,0.000000,0.0000500000,0,,,,,302.370852
70,5000,donut_ring,477.808428,70,1,1801,0.336277,-1.089821,-1.089821,0.000000,1.000000,0.000000,0.000000,0.000000,0,7,0,0.000000,0.0000500000,0,281.731738,251.131099,309,21,302.370852
71,5000,donut_ring,426.198407,63,0,1801,0.336277,-1.089821,-1.089821,0.000000,1.000000,0.000000,0.000000,0.000000,0,7,0,0.000000,0.0000500000,0,,,,,302.370852
72,5000,four_corner,571.442492,83,1,2101,0.336277,-1.089821,-1.089821,0.000000,1.000000,0.000000,0.000000,0.000000,0,7,0,0.000000,0.0000500000,0,,,,,302.370852
73,5000,spiral_arms,141.577714,22,3,103,0.336277,-1.089821,-1.089821,0.000000,1.000000,0.000000,0.000000,0.000000,0,7,0,0.000000,0.0000500000,0,,,,,302.370852
74,5000,stock,224.416896,34,3,262,0.336277,-1.089821,-1.089821,0.000000,1.000000,0.000000,0.000000,0.000000,0,7,0,0.000000,0.0000500000,0,,,,,302.370852
75,5000,crossing_lanes,756.552232,114,9,1064,0.336277,-1.089821,-1.089821,0.000000,1.000000,0.000000,0.000000,0.000000,0,7,0,0.000000,0.0000500000,0,,,,,302.370852
76,5000,asteroid_rain,132.850354,21,3,425,0.334939,-1.093807,-1.093807,0.658235,1.000035,4.544913,0.129353,4.422143,0,8,9,3.681608,0.0000500000,0,,,,,302.370852
77,5000,vertical_wall_left,93.250954,15,3,79,0.334939,-1.093807,-1.093807,0.000000,1.000000,0.000000,0.000000,0.000000,0,8,0,0.000000,0.0000500000,0,,,,,302.370852
78,5000,crossing_lanes,514.490850,79,9,528,0.334939,-1.093807,-1.093807,0.000000,1.000000,0.000000,0.000000,0.000000,0,8,0,0.000000,0.0000500000,0,,,,,302.370852
79,5000,four_corner,510.838656,75,2,2101,0.334939,-1.093807,-1.093807,0.000000,1.000000,0.000000,0.000000,0.000000,0,8,0,0.000000,0.0000500000,0,,,,,302.370852
80,5000,four_corner,332.690511,48,0,2101,0.334939,-1.093807,-1.093807,0.000000,1.000000,0.000000,0.000000,0.000000,0,8,0,0.000000,0.0000500000,0,282.707704,251.984197,308,22,302.370852
81,5000,spiral_arms,127.436288,20,3,89,0.334939,-1.093807,-1.093807,0.000000,1.000000,0.000000,0.000000,0.000000,0,8,0,0.000000,0.0000500000,0,,,,,302.370852
82,5000,donut_ring,504.222759,75,1,1801,0.334939,-1.093807,-1.093807,0.000000,1.000000,0.000000,0.000000,0.000000,0,8,0,0.000000,0.0000500000,0,,,,,302.370852
83,5000,vertical_wall_left,107.126064,17,3,291,0.334939,-1.093807,-1.093807,0.000000,1.000000,0.000000,0.000000,0.000000,0,8,0,0.000000,0.0000500000,0,,,,,302.370852
84,5000,crossing_lanes,479.152658,74,9,608,0.334939,-1.093807,-1.093807,0.000000,1.000000,0.000000,0.000000,0.000000,0,8,0,0.000000,0.0000500000,0,,,,,302.370852
85,5000,donut_ring,548.635626,80,0,1801,0.334939,-1.093807,-1.093807,0.000000,1.000000,0.000000,0.000000,0.000000,0,8,0,0.000000,0.0000500000,0,,,,,302.370852
86,5000,asteroid_rain,57.477313,10,3,141,0.333879,-1.096976,-1.096976,0.650264,0.999991,3.039252,0.148436,2.897319,0,9,10,5.194429,0.0000500000,0,,,,,302.370852
87,5000,vertical_wall_left,93.421275,15,3,236,0.333879,-1.096976,-1.096976,0.000000,1.000000,0.000000,0.000000,0.000000,0,9,0,0.000000,0.0000500000,0,,,,,302.370852
88,5000,donut_ring,402.025084,60,0,1801,0.333879,-1.096976,-1.096976,0.000000,1.000000,0.000000,0.000000,0.000000,0,9,0,0.000000,0.0000500000,0,,,,,302.370852
89,5000,donut_ring,556.170655,81,0,1801,0.333879,-1.096976,-1.096976,0.000000,1.000000,0.000000,0.000000,0.000000,0,9,0,0.000000,0.0000500000,0,,,,,302.370852
90,5000,stock,210.327728,32,3,274,0.333879,-1.096976,-1.096976,0.000000,1.000000,0.000000,0.000000,0.000000,0,9,0,0.000000,0.0000500000,0,287.395008,256.682904,314,21,302.370852
91,5000,four_corner,423.119818,62,0,2101,0.333879,-1.096976,-1.096976,0.000000,1.000000,0.000000,0.000000,0.000000,0,9,0,0.000000,0.0000500000,0,,,,,302.370852
92,5000,donut_ring,524.668877,77,1,1801,0.333879,-1.096976,-1.096976,0.000000,1.000000,0.000000,0.000000,0.000000,0,9,0,0.000000,0.0000500000,0,,,,,302.370852
93,5000,stock,420.996577,62,3,404,0.333879,-1.096976,-1.096976,0.000000,1.000000,0.000000,0.000000,0.000000,0,9,0,0.000000,0.0000500000,0,,,,,302.370852
94,5000,spiral_arms,141.454168,22,3,108,0.333879,-1.096976,-1.096976,0.000000,1.000000,0.000000,0.000000,0.000000,0,9,0,0.000000,0.0000500000,0,,,,,302.370852
95,5000,vertical_wall_left,392.929354,58,3,602,0.333027,-1.099532,-1.099532,0.643926,1.000063,4.400036,0.119996,4.286479,0,10,9,3.617276,0.0000500000,0,,,,,302.370852
96,5000,crossing_lanes,971.765638,145,9,1554,0.333027,-1.099532,-1.099532,0.000000,1.000000,0.000000,0.000000,0.000000,0,10,0,0.000000,0.0000500000,0,,,,,302.370852
97,5000,asteroid_rain,127.515272,20,3,147,0.333027,-1.099532,-1.099532,0.000000,1.000000,0.000000,0.000000,0.000000,0,10,0,0.000000,0.0000500000,0,,,,,302.370852
98,5000,donut_ring,587.348568,86,0,1801,0.333027,-1.099532,-1.099532,0.000000,1.000000,0.000000,0.000000,0.000000,0,10,0,0.000000,0.0000500000,0,,,,,302.370852
99,5000,four_corner,487.179935,71,1,2101,0.333027,-1.099532,-1.099532,0.000000,1.000000,0.000000,0.000000,0.000000,0,10,0,0.000000,0.0000500000,0,,,,,302.370852
100,5000,donut_ring,348.538119,52,0,1801,0.333027,-1.099532,-1.099532,0.000000,1.000000,0.000000,0.000000,0.000000,0,10,0,0.000000,0.0000500000,0,301.801946,269.324918,330,25,302.370852
101,5000,donut_ring,655.889302,94,0,1801,0.333027,-1.099532,-1.099532,0.000000,1.000000,0.000000,0.000000,0.000000,0,10,0,0.000000,0.0000500000,0,,,,,302.370852
102,5000,asteroid_rain,321.659756,48,3,466,0.333027,-1.099532,-1.099532,0.000000,1.000000,0.000000,0.000000,0.000000,0,10,0,0.000000,0.0000500000,0,,,,,302.370852
103,5000,donut_ring,524.973471,77,0,1801,0.333027,-1.099532,-1.099532,0.000000,1.000000,0.000000,0.000000,0.000000,0,10,0,0.000000,0.0000500000,0,,,,,302.370852
104,5000,donut_ring,531.847760,78,0,1801,0.332329,-1.101630,-1.101630,0.638812,0.999948,4.638593,0.069316,4.575665,0,11,9,2.889604,0.0000500000,0,,,,,302.370852
105,5000,asteroid_rain,99.391587,16,3,252,0.332329,-1.101630,-1.101630,0.000000,1.000000,0.000000,0.000000,0.000000,0,11,0,0.000000,0.0000500000,0,,,,,302.370852
106,5000,four_corner,584.940326,84,0,2101,0.332329,-1.101630,-1.101630,0.000000,1.000000,0.000000,0.000000,0.000000,0,11,0,0.000000,0.0000500000,0,,,,,302.370852
107,5000,vertical_wall_left,100.005804,16,3,169,0.332329,-1.101630,-1.101630,0.000000,1.000000,0.000000,0.000000,0.000000,0,11,0,0.000000,0.0000500000,0,,,,,302.370852
108,5000,four_corner,326.874607,47,0,2101,0.332329,-1.101630,-1.101630,0.000000,1.000000,0.000000,0.000000,0.000000,0,11,0,0.000000,0.0000500000,0,,,,,302.370852
109,5000,four_corner,222.574792,35,0,2101,0.332329,-1.101630,-1.101630,0.000000,1.000000,0.000000,0.000000,0.000000,0,11,0,0.000000,0.0000500000,0,,,,,302.370852
110,5000,stock,350.466169,52,3,275,0.332329,-1.101630,-1.101630,0.000000,1.000000,0.000000,0.000000,0.000000,0,11,0,0.000000,0.0000500000,0,271.585474,242.900734,299,23,302.370852
111,5000,crossing_lanes,374.434655,59,9,459,0.332329,-1.101630,-1.101630,0.000000,1.000000,0.000000,0.000000,0.000000,0,11,0,0.000000,0.0000500000,0,,,,,302.370852
112,5000,crossing_lanes,617.680730,94,9,598,0.332329,-1.101630,-1.101630,0.000000,1.000000,0.000000,0.000000,0.000000,0,11,0,0.000000,0.0000500000,0,,,,,302.370852
113,5000,vertical_wall_left,120.398100,19,3,250,0.331747,-1.103383,-1.103383,0.634617,0.999940,3.255650,0.130835,3.131161,0,12,9,4.657621,0.0000500000,0,,,,,302.370852
114,5000,donut_ring,456.786888,68,0,1801,0.331747,-1.103383,-1.103383,0.000000,1.000000,0.000000,0.000000,0.000000,0,12,0,0.000000,0.0000500000,0,,,,,302.370852
115,5000,donut_ring,547.900252,80,0,1801,0.331747,-1.103383,-1.103383,0.000000,1.000000,0.000000,0.000000,0.000000,0,12,0,0.000000,0.0000500000,0,,,,,302.370852
116,5000,stock,315.856334,47,3,308,0.331747,-1.103383,-1.103383,0.000000,1.000000,0.000000,0.000000,0.000000,0,12,0,0.000000,0.0000500000,0,,,,,302.370852
117,5000,spiral_arms,210.771778,32,3,182,0.331747,-1.103383,-1.103383,0.000000,1.000000,0.000000,0.000000,0.000000,0,12,0,0.000000,0.0000500000,0,,,,,302.370852
118,5000,stock,218.209301,33,3,250,0.331747,-1.103383,-1.103383,0.000000,1.000000,0.000000,0.000000,0.000000,0,12,0,0.000000,0.0000500000,0,,,,,302.370852
119,5000,crossing_lanes,526.650875,81,9,809,0.331747,-1.103383,-1.103383,0.000000,1.000000,0.000000,0.000000,0.000000,0,12,0,0.000000,0.0000500000,0,,,,,302.370852
120,5000,four_corner,365.266371,53,0,2101,0.331747,-1.103383,-1.103383,0.000000,1.000000,0.000000,0.000000,0.000000,0,12,0,0.000000,0.0000500000,0,237.463239,213.100124,266,24,302.370852
121,5000,four_corner,345.800616,50,0,2101,0.331747,-1.103383,-1.103383,0.000000,1.000000,0.000000,0.000000,0.000000,0,12,0,0.000000,0.0000500000,0,,,,,302.370852
122,5000,donut_ring,413.272867,62,2,1801,0.331251,-1.104879,-1.104879,0.631110,0.999946,3.520916,0.133354,3.393873,0,13,9,2.411681,0.0000500000,0,,,,,302.370852
123,5000,crossing_lanes,473.886846,73,9,502,0.331251,-1.104879,-1.104879,0.000000,1.000000,0.000000,0.000000,0.000000,0,13,0,0.000000,0.0000500000,0,,,,,302.370852
124,5000,stock,811.915069,118,3,638,0.331251,-1.104879,-1.104879,0.000000,1.000000,0.000000,0.000000,0.000000,0,13,0,0.000000,0.0000500000,0,,,,,302.370852
125,5000,vertical_wall_left,114.269969,18,3,281,0.331251,-1.104879,-1.104879,0.000000,1.000000,0.000000,0.000000,0.000000,0,13,0,0.000000,0.0000500000,0,,,,,302.370852
126,5000,spiral_arms,385.389116,57,3,297,0.331251,-1.104879,-1.104879,0.000000,1.000000,0.000000,0.000000,0.000000,0,13,0,0.000000,0.0000500000,0,,,,,302.370852
127,5000,asteroid_rain,210.038252,32,3,436,0.331251,-1.104879,-1.104879,0.000000,1.000000,0.000000,0.000000,0.000000,0,13,0,0.000000,0.0000500000,0,,,,,302.370852
128,5000,four_corner,326.563499,49,3,1256,0.331251,-1.104879,-1.104879,0.000000,1.000000,0.000000,0.000000,0.000000,0,13,0,0.000000,0.0000500000,0,,,,,302.370852
129,5000,crossing_lanes,471.673219,73,9,562,0.331251,-1.104879,-1.104879,0.000000,1.000000,0.000000,0.000000,0.000000,0,13,0,0.000000,0.0000500000,0,,,,,302.370852
130,5000,crossing_lanes,612.208032,93,9,604,0.330820,-1.106180,-1.106180,0.628120,0.999982,5.582620,0.171030,5.417871,0,14,8,4.981318,0.0000500000,0,275.680225,246.557512,304,23,302.370852
131,5000,stock,210.801271,32,3,190,0.330820,-1.106180,-1.106180,0.000000,1.000000,0.000000,0.000000,0.000000,0,14,0,0.000000,0.0000500000,0,,,,,302.370852
132,5000,stock,217.684355,33,3,196,0.330820,-1.106180,-1.106180,0.000000,1.000000,0.000000,0.000000,0.000000,0,14,0,0.000000,0.0000500000,0,,,,,302.370852
133,5000,donut_ring,451.576074,66,0,1801,0.330820,-1.106180,-1.106180,0.000000,1.000000,0.000000,0.000000,0.000000,0,14,0,0.000000,0.0000500000,0,,,,,302.370852
134,5000,donut_ring,372.525154,55,0,1801,0.330820,-1.106180,-1.106180,0.000000,1.000000,0.000000,0.000000,0.000000,0,14,0,0.000000,0.0000500000,0,,,,,302.370852
135,5000,asteroid_rain,196.705589,30,3,267,0.330820,-1.106180,-1.106180,0.000000,1.000000,0.000000,0.000000,0.000000,0,14,0,0.000000,0.0000500000,0,,,,,302.370852
136,5000,four_corner,265.224179,39,0,2101,0.330820,-1.106180,-1.106180,0.000000,1.000000,0.000000,0.000000,0.000000,0,14,0,0.000000,0.0000500000,0,,,,,302.370852
137,5000,spiral_arms,288.095215,43,3,189,0.330820,-1.106180,-1.106180,0.000000,1.000000,0.000000,0.000000,0.000000,0,14,0,0.000000,0.0000500000,0,,,,,302.370852
138,5000,four_corner,309.558114,45,0,2101,0.330820,-1.106180,-1.106180,0.000000,1.000000,0.000000,0.000000,0.000000,0,14,0,0.000000,0.0000500000,0,,,,,302.370852
139,5000,stock,343.025925,51,3,308,0.330438,-1.107336,-1.107336,0.625517,0.999637,7.875798,0.091468,7.790585,0,15,9,3.222659,0.0000500000,0,,,,,302.370852
140,5000,four_corner,356.869704,53,2,2101,0.330438,-1.107336,-1.107336,0.000000,1.000000,0.000000,0.000000,0.000000,0,15,0,0.000000,0.0000500000,0,281.524845,251.381452,308,22,302.370852
141,5000,crossing_lanes,131.547801,24,9,167,0.330438,-1.107336,-1.107336,0.000000,1.000000,0.000000,0.000000,0.000000,0,15,0,0.000000,0.0000500000,0,,,,,302.370852
142,5000,donut_ring,449.915728,66,0,1801,0.330438,-1.107336,-1.107336,0.000000,1.000000,0.000000,0.000000,0.000000,0,15,0,0.000000,0.0000500000,0,,,,,302.370852
143,5000,spiral_arms,364.461300,54,3,303,0.330438,-1.107336,-1.107336,0.000000,1.000000,0.000000,0.000000,0.000000,0,15,0,0.000000,0.0000500000,0,,,,,302.370852
144,5000,spiral_arms,99.715106,16,3,38,0.330438,-1.107336,-1.107336,0.000000,1.000000,0.000000,0.000000,0.000000,0,15,0,0.000000,0.0000500000,0,,,,,302.370852
145,5000,vertical_wall_left,86.126651,14,3,79,0.330438,-1.107336,-1.107336,0.000000,1.000000,0.000000,0.000000,0.000000,0,15,0,0.000000,0.0000500000,0,,,,,302.370852
146,5000,four_corner,472.525341,69,1,2101,0.330438,-1.107336,-1.107336,0.000000,1.000000,0.000000,0.000000,0.000000,0,15,0,0.000000,0.0000500000,0,,,,,302.370852
147,5000,spiral_arms,266.502336,40,3,205,0.330438,-1.107336,-1.107336,0.000000,1.000000,0.000000,0.000000,0.000000,0,15,0,0.000000,0.0000500000,0,,,,,302.370852
148,5000,asteroid_rain,210.732000,32,3,285,0.330438,-1.107336,-1.107336,0.000000,1.000000,0.000000,0.000000,0.000000,0,15,0,0.000000,0.0000500000,0,,,,,302.370852
149,5000,donut_ring,512.945701,75,0,1801,0.330438,-1.107336,-1.107336,0.000000,1.000000,0.000000,0.000000,0.000000,0,15,0,0.000000,0.0000500000,0,,,,,302.370852
150,5000,asteroid_rain,50.479723,9,3,131,0.330092,-1.108383,-1.108383,0.623205,0.999923,6.632125,0.106819,6.531538,0,16,11,5.253761,0.0000250000,0,332.105291,295.637913,361,23,332.105291
151,5000,spiral_arms,217.926469,33,3,169,0.330092,-1.108383,-1.108383,0.000000,1.000000,0.000000,0.000000,0.000000,0,16,0,0.000000,0.0000250000,0,,,,,332.105291
152,5000,spiral_arms,252.669240,38,3,201,0.330092,-1.108383,-1.108383,0.000000,1.000000,0.000000,0.000000,0.000000,0,16,0,0.000000,0.0000250000,0,,,,,332.105291
153,5000,spiral_arms,183.008337,28,3,170,0.330092,-1.108383,-1.108383,0.000000,1.000000,0.000000,0.000000,0.000000,0,16,0,0.000000,0.0000250000,0,,,,,332.105291
154,5000,four_corner,469.017801,70,0,2101,0.330092,-1.108383,-1.108383,0.000000,1.000000,0.000000,0.000000,0.000000,0,16,0,0.000000,0.0000250000,0,,,,,332.105291
155,5000,stock,259.543165,39,3,276,0.330092,-1.108383,-1.108383,0.000000,1.000000,0.000000,0.000000,0.000000,0,16,0,0.000000,0.0000250000,0,,,,,332.105291
156,5000,donut_ring,492.926486,72,0,1801,0.330092,-1.108383,-1.108383,0.000000,1.000000,0.000000,0.000000,0.000000,0,16,0,0.000000,0.0000250000,0,,,,,332.105291
157,5000,crossing_lanes,291.772093,47,9,356,0.330092,-1.108383,-1.108383,0.000000,1.000000,0.000000,0.000000,0.000000,0,16,0,0.000000,0.0000250000,0,,,,,332.105291
158,5000,four_corner,253.722215,38,1,2101,0.330092,-1.108383,-1.108383,0.000000,1.000000,0.000000,0.000000,0.000000,0,16,0,0.000000,0.0000250000,0,,,,,332.105291
159,5000,spiral_arms,189.816128,29,3,172,0.330092,-1.108383,-1.108383,0.000000,1.000000,0.000000,0.000000,0.000000,0,16,0,0.000000,0.0000250000,0,,,,,332.105291
160,5000,four_corner,251.952875,37,0,2101,0.329774,-1.109349,-1.109349,0.621111,1.000009,8.749197,0.065071,8.690337,0,17,10,2.903267,0.0000250000,0,280.133498,250.506557,309,24,332.105291
161,5000,four_corner,216.316334,35,0,2101,0.329774,-1.109349,-1.109349,0.000000,1.000000,0.000000,0.000000,0.000000,0,17,0,0.000000,0.0000250000,0,,,,,332.105291
162,5000,vertical_wall_left,316.375091,47,3,544,0.329774,-1.109349,-1.109349,0.000000,1.000000,0.000000,0.000000,0.000000,0,17,0,0.000000,0.0000250000,0,,,,,332.105291
163,5000,vertical_wall_left,225.792684,34,3,333,0.329774,-1.109349,-1.109349,0.000000,1.000000,0.000000,0.000000,0.000000,0,17,0,0.000000,0.0000250000,0,,,,,332.105291
164,5000,asteroid_rain,216.321516,33,3,538,0.329774,-1.109349,-1.109349,0.000000,1.000000,0.000000,0.000000,0.000000,0,17,0,0.000000,0.0000250000,0,,,,,332.105291
165,5000,vertical_wall_left,121.022184,19,3,169,0.329774,-1.109349,-1.109349,0.000000,1.000000,0.000000,0.000000,0.000000,0,17,0,0.000000,0.0000250000,0,,,,,332.105291
166,5000,four_corner,264.063273,38,0,2101,0.329774,-1.109349,-1.109349,0.000000,1.000000,0.000000,0.000000,0.000000,0,17,0,0.000000,0.0000250000,0,,,,,332.105291
167,5000,asteroid_rain,183.637537,28,3,158,0.329774,-1.109349,-1.109349,0.000000,1.000000,0.000000,0.000000,0.000000,0,17,0,0.000000,0.0000250000,0,,,,,332.105291
168,5000,stock,364.724914,54,3,285,0.329774,-1.109349,-1.109349,0.000000,1.000000,0.000000,0.000000,0.000000,0,17,0,0.000000,0.0000250000,0,,,,,332.105291
169,5000,spiral_arms,176.125934,27,3,172,0.329774,-1.109349,-1.109349,0.000000,1.000000,0.000000,0.000000,0.000000,0,17,0,0.000000,0.0000250000,0,,,,,332.105291
170,5000,vertical_wall_left,156.013395,24,3,171,0.329476,-1.110253,-1.110253,0.619180,1.000012,6.442685,0.137233,6.311644,0,18,10,3.810475,0.0000500000,0,298.277766,266.367279,327,23,332.105291
171,5000,stock,280.743756,42,3,252,0.329476,-1.110253,-1.110253,0.000000,1.000000,0.000000,0.000000,0.000000,0,18,0,0.000000,0.0000500000,0,,,,,332.105291
172,5000,spiral_arms,155.166132,24,3,155,0.329476,-1.110253,-1.110253,0.000000,1.000000,0.000000,0.000000,0.000000,0,18,0,0.000000,0.0000500000,0,,,,,332.105291
173,5000,stock,245.867654,37,3,194,0.329476,-1.110253,-1.110253,0.000000,1.000000,0.000000,0.000000,0.000000,0,18,0,0.000000,0.0000500000,0,,,,,332.105291
174,5000,donut_ring,545.907941,80,0,1801,0.329476,-1.110253,-1.110253,0.000000,1.000000,0.000000,0.000000,0.000000,0,18,0,0.000000,0.0000500000,0,,,,,332.105291
175,5000,vertical_wall_left,198.084888,30,3,158,0.329476,-1.110253,-1.110253,0.000000,1.000000,0.000000,0.000000,0.000000,0,18,0,0.000000,0.0000500000,0,,,,,332.105291
176,5000,stock,343.673128,51,3,358,0.329476,-1.110253,-1.110253,0.000000,1.000000,0.000000,0.000000,0.000000,0,18,0,0.000000,0.0000500000,0,,,,,332.105291
177,5000,vertical_wall_left,357.347970,53,3,507,0.329476,-1.110253,-1.110253,0.000000,1.000000,0.000000,0.000000,0.000000,0,18,0,0.000000,0.0000500000,0,,,,,332.105291
178,5000,vertical_wall_left,233.183812,35,3,270,0.329476,-1.110253,-1.110253,0.000000,1.000000,0.000000,0.000000,0.000000,0,18,0,0.000000,0.0000500000,0,,,,,332.105291
179,5000,vertical_wall_left,100.432573,16,3,237,0.329476,-1.110253,-1.110253,0.000000,1.000000,0.000000,0.000000,0.000000,0,18,0,0.000000,0.0000500000,0,,,,,332.105291
180,5000,four_corner,370.611473,55,2,2101,0.329193,-1.111111,-1.111111,0.617372,0.999818,8.548685,0.097147,8.457712,0,19,10,2.922018,0.0000500000,0,298.282903,266.349582,327,23,332.105291
181,5000,stock,308.455512,46,3,279,0.329193,-1.111111,-1.111111,0.000000,1.000000,0.000000,0.000000,0.000000,0,19,0,0.000000,0.0000500000,0,,,,,332.105291
182,5000,spiral_arms,113.385698,18,3,97,0.329193,-1.111111,-1.111111,0.000000,1.000000,0.000000,0.000000,0.000000,0,19,0,0.000000,0.0000500000,0,,,,,332.105291
183,5000,asteroid_rain,175.110064,27,3,292,0.329193,-1.111111,-1.111111,0.000000,1.000000,0.000000,0.000000,0.000000,0,19,0,0.000000,0.0000500000,0,,,,,332.105291
184,5000,spiral_arms,238.713876,36,3,151,0.329193,-1.111111,-1.111111,0.000000,1.000000,0.000000,0.000000,0.000000,0,19,0,0.000000,0.0000500000,0,,,,,332.105291
185,5000,stock,293.762589,44,3,276,0.329193,-1.111111,-1.111111,0.000000,1.000000,0.000000,0.000000,0.000000,0,19,0,0.000000,0.0000500000,0,,,,,332.105291
186,5000,asteroid_rain,189.863462,29,3,289,0.329193,-1.111111,-1.111111,0.000000,1.000000,0.000000,0.000000,0.000000,0,19,0,0.000000,0.0000500000,0,,,,,332.105291
187,5000,asteroid_rain,43.307880,8,3,131,0.329193,-1.111111,-1.111111,0.000000,1.000000,0.000000,0.000000,0.000000,0,19,0,0.000000,0.0000500000,0,,,,,332.105291
188,5000,four_corner,270.456039,40,1,2101,0.329193,-1.111111,-1.111111,0.000000,1.000000,0.000000,0.000000,0.000000,0,19,0,0.000000,0.0000500000,0,,,,,332.105291
189,5000,crossing_lanes,576.488990,88,9,722,0.329193,-1.111111,-1.111111,0.000000,1.000000,0.000000,0.000000,0.000000,0,19,0,0.000000,0.0000500000,0,,,,,332.105291
190,5000,spiral_arms,245.836413,37,3,168,0.328922,-1.111935,-1.111935,0.615655,1.000058,9.454570,0.112863,9.347864,0,20,10,6.631286,0.0000500000,0,309.522864,276.171191,337,21,332.105291
191,5000,stock,238.440727,36,3,282,0.328922,-1.111935,-1.111935,0.000000,1.000000,0.000000,0.000000,0.000000,0,20,0,0.000000,0.0000500000,0,,,,,332.105291
192,5000,spiral_arms,134.501207,21,3,75,0.328922,-1.111935,-1.111935,0.000000,1.000000,0.000000,0.000000,0.000000,0,20,0,0.000000,0.0000500000,0,,,,,332.105291
193,5000,four_corner,349.012025,52,3,1214,0.328922,-1.111935,-1.111935,0.000000,1.000000,0.000000,0.000000,0.000000,0,20,0,0.000000,0.0000500000,0,,,,,332.105291
194,5000,vertical_wall_left,107.987428,17,3,250,0.328922,-1.111935,-1.111935,0.000000,1.000000,0.000000,0.000000,0.000000,0,20,0,0.000000,0.0000500000,0,,,,,332.105291
195,5000,spiral_arms,337.313799,50,3,241,0.328922,-1.111935,-1.111935,0.000000,1.000000,0.000000,0.000000,0.000000,0,20,0,0.000000,0.0000500000,0,,,,,332.105291
196,5000,vertical_wall_left,247.156187,37,3,252,0.328922,-1.111935,-1.111935,0.000000,1.000000,0.000000,0.000000,0.000000,0,20,0,0.000000,0.0000500000,0,,,,,332.105291
197,5000,spiral_arms,196.776313,30,3,146,0.328922,-1.111935,-1.111935,0.000000,1.000000,0.000000,0.000000,0.000000,0,20,0,0.000000,0.0000500000,0,,,,,332.105291
198,5000,asteroid_rain,176.599449,27,3,155,0.328922,-1.111935,-1.111935,0.000000,1.000000,0.000000,0.000000,0.000000,0,20,0,0.000000,0.0000500000,0,,,,,332.105291
199,5000,donut_ring,555.342428,81,0,1801,0.328922,-1.111935,-1.111935,0.000000,1.000000,0.000000,0.000000,0.000000,0,20,0,0.000000,0.0000500000,0,,,,,332.105291
200,5000,four_corner,539.577701,78,1,2101,0.328660,-1.112733,-1.112733,0.614008,0.999897,9.899085,0.072406,9.832819,0,21,10,3.246536,0.0000500000,0,278.419573,248.950550,307,21,332.105291
201,5000,asteroid_rain,64.338181,11,3,130,0.328660,-1.112733,-1.112733,0.000000,1.000000,0.000000,0.000000,0.000000,0,21,0,0.000000,0.0000500000,0,,,,,332.105291
202,5000,stock,217.594734,33,3,259,0.328660,-1.112733,-1.112733,0.000000,1.000000,0.000000,0.000000,0.000000,0,21,0,0.000000,0.0000500000,0,,,,,332.105291
203,5000,spiral_arms,162.143343,25,3,184,0.328660,-1.112733,-1.112733,0.000000,1.000000,0.000000,0.000000,0.000000,0,21,0,0.000000,0.0000500000,0,,,,,332.105291
204,5000,stock,259.993824,39,3,256,0.328660,-1.112733,-1.112733,0.000000,1.000000,0.000000,0.000000,0.000000,0,21,0,0.000000,0.0000500000,0,,,,,332.105291
205,5000,vertical_wall_left,156.017282,24,3,320,0.328660,-1.112733,-1.112733,0.000000,1.000000,0.000000,0.000000,0.000000,0,21,0,0.000000,0.0000500000,0,,,,,332.105291
206,5000,spiral_arms,106.666261,17,3,41,0.328660,-1.112733,-1.112733,0.000000,1.000000,0.000000,0.000000,0.000000,0,21,0,0.000000,0.0000500000,0,,,,,332.105291
207,5000,asteroid_rain,210.549369,32,3,277,0.328660,-1.112733,-1.112733,0.000000,1.000000,0.000000,0.000000,0.000000,0,21,0,0.000000,0.0000500000,0,,,,,332.105291
208,5000,crossing_lanes,629.494589,96,9,1239,0.328660,-1.112733,-1.112733,0.000000,1.000000,0.000000,0.000000,0.000000,0,21,0,0.000000,0.0000500000,0,,,,,332.105291
209,5000,four_corner,378.199423,55,0,2101,0.328660,-1.112733,-1.112733,0.000000,1.000000,0.000000,0.000000,0.000000,0,21,0,0.000000,0.0000500000,0,,,,,332.105291
210,5000,stock,525.656375,77,3,440,0.328404,-1.113511,-1.113511,0.612412,1.000059,8.412957,0.105689,8.313393,0,22,10,5.106593,0.0000500000,0,316.570008,282.358080,344,23,332.105291
211,5000,spiral_arms,127.446078,20,3,94,0.328404,-1.113511,-1.113511,0.000000,1.000000,0.000000,0.000000,0.000000,0,22,0,0.000000,0.0000500000,0,,,,,332.105291
212,5000,vertical_wall_left,121.176390,19,3,124,0.328404,-1.113511,-1.113511,0.000000,1.000000,0.000000,0.000000,0.000000,0,22,0,0.000000,0.0000500000,0,,,,,332.105291
213,5000,donut_ring,584.071311,86,1,1801,0.328404,-1.113511,-1.113511,0.000000,1.000000,0.000000,0.000000,0.000000,0,22,0,0.000000,0.0000500000,0,,,,,332.105291
214,5000,spiral_arms,134.565522,21,3,99,0.328404,-1.113511,-1.113511,0.000000,1.000000,0.000000,0.000000,0.000000,0,22,0,0.000000,0.0000500000,0,,,,,332.105291
215,5000,vertical_wall_left,156.049670,24,3,145,0.328404,-1.113511,-1.113511,0.000000,1.000000,0.000000,0.000000,0.000000,0,22,0,0.000000,0.0000500000,0,,,,,332.105291
216,5000,stock,259.405499,39,3,277,0.328404,-1.113511,-1.113511,0.000000,1.000000,0.000000,0.000000,0.000000,0,22,0,0.000000,0.0000500000,0,,,,,332.105291
217,5000,four_corner,271.885163,40,1,2101,0.328404,-1.113511,-1.113511,0.000000,1.000000,0.000000,0.000000,0.000000,0,22,0,0.000000,0.0000500000,0,,,,,332.105291
218,5000,four_corner,685.451314,100,2,2101,0.328404,-1.113511,-1.113511,0.000000,1.000000,0.000000,0.000000,0.000000,0,22,0,0.000000,0.0000500000,0,,,,,332.105291
219,5000,four_corner,282.463085,41,0,2101,0.328404,-1.113511,-1.113511,0.000000,1.000000,0.000000,0.000000,0.000000,0,22,0,0.000000,0.0000500000,0,,,,,332.105291
